stem,plate,label,length_px,signal_mean,signal_frac,straightness,signal_p25
P23_B03_ACT104_EGFR,PLATE_23,1,364.3550753317129,146.8400954653938,1.0,0.013884541167829336,150.0
P23_B03_ACT104_EGFR,PLATE_23,1,498.7828856724175,138.8031496062992,1.0,0.17783312775794527,130.5
P23_B03_ACT104_EGFR,PLATE_23,1,278.4721414491363,148.88829787234042,1.0,0.0,150.0
P23_B03_ACT104_EGFR,PLATE_23,0,521.7379324826451,149.86601307189542,1.0,0.39172039768064787,150.0
P23_B03_ACT104_EGFR,PLATE_23,1,336.70333479448243,123.66867469879519,0.9698795180722891,0.3069936736091878,112.75
P23_B03_ACT104_EGFR,PLATE_23,0,284.22419325948687,146.86524822695034,1.0,0.0,149.0
P23_B03_ACT104_EGFR,PLATE_23,1,574.0928439112218,146.80289855072465,1.0,0.9905662911027994,150.0
P23_B03_ACT104_EGFR,PLATE_23,0,342.4294289825043,149.98287671232876,1.0,0.2930076237023994,150.0
P23_B03_ACT104_EGFR,PLATE_23,1,850.969312265829,121.50218340611353,1.0,0.061656545637562274,103.0
P23_B03_ACT104_EGFR,PLATE_23,1,453.4301827645754,142.91754385964913,1.0,0.9810799637708968,139.0
P23_B03_ACT104_EGFR,PLATE_23,1,2145.3836986668894,134.11154408183145,1.0,0.024543820893624196,123.0
P23_B03_ACT104_EGFR,PLATE_23,1,63.33410530611695,146.79166666666666,1.0,0.6809159153816066,150.0
P23_B03_ACT104_EGFR,PLATE_23,0,576.5814901174135,149.5073409461664,1.0,0.0259401388163704,150.0
P23_B03_ACT104_EGFR,PLATE_23,0,138.38031979956432,126.62105263157895,1.0,0.0,101.0
P23_B03_ACT104_EGFR,PLATE_23,0,34.23259241886177,150.0,1.0,0.9954754493858272,150.0
P23_B03_ACT104_EGFR,PLATE_23,1,443.55234876930047,124.02210884353741,1.0,0.02281352375371672,94.0
P23_B03_ACT104_EGFR,PLATE_23,0,826.1116974152902,130.187270501836,1.0,0.13794517010125526,110.0
P23_B03_ACT104_EGFR,PLATE_23,1,533.555401004521,149.8796992481203,1.0,0.996538814964346,150.0
P23_B03_ACT104_EGFR,PLATE_23,1,316.33079587630766,146.08805031446542,1.0,0.0,150.0
P23_B03_ACT104_EGFR,PLATE_23,1,52.83057585570623,129.9090909090909,1.0,0.9834394680240663,113.0
P23_B03_ACT104_EGFR,PLATE_23,1,579.2435342341334,128.26344086021504,1.0,0.9579673149778408,107.0
P23_B03_ACT104_EGFR,PLATE_23,1,388.4944018827923,94.63346613545816,1.0,0.0,65.0
P23_B03_ACT104_EGFR,PLATE_23,1,275.3269887201009,123.18439716312056,1.0,0.0,102.0
P23_B03_ACT104_EGFR,PLATE_23,0,466.07564251413646,144.96955128205127,1.0,0.8449043912549686,150.0
P23_B03_ACT104_EGFR,PLATE_23,1,547.0302260090161,125.0242214532872,1.0,0.0,103.0
P23_B03_ACT104_EGFR,PLATE_23,1,455.92259796595204,112.16770186335404,1.0,0.0,85.0
P23_B03_ACT104_EGFR,PLATE_23,1,2130.692592258584,137.1195484864033,1.0,0.15720947732810403,150.0
P23_B03_ACT104_EGFR,PLATE_23,1,158.35597283867648,138.60493827160494,1.0,0.0,148.0
P23_B03_ACT104_EGFR,PLATE_23,1,220.56281670067926,141.1121076233184,1.0,0.9910740928137272,150.0
P23_B03_ACT104_EGFR,PLATE_23,1,163.73763019446312,150.0,1.0,0.0,150.0
P23_B03_ACT104_EGFR,PLATE_23,1,491.117422734192,131.2560553633218,1.0,0.0,106.0
P23_B03_ACT104_EGFR,PLATE_23,0,1240.9076448941894,138.23848878394332,1.0,0.0,134.0
P23_B03_ACT104_EGFR,PLATE_23,1,695.5293541412416,136.34957020057305,1.0,0.0,130.0
P23_B03_ACT104_EGFR,PLATE_23,0,26.242313436523958,146.67857142857142,1.0,0.9949342952871716,150.0
P23_B03_ACT104_EGFR,PLATE_23,1,372.664959479898,115.04347826086956,1.0,0.0,64.0
P23_B03_ACT104_EGFR,PLATE_23,1,359.44889641706055,137.78571428571428,1.0,0.0,131.0
P23_B03_ACT104_EGFR,PLATE_23,0,671.936844006416,125.08598130841122,0.9570093457943926,0.3395233913529359,117.0
P23_B03_ACT104_EGFR,PLATE_23,1,185.25295081657885,144.88934426229508,1.0,0.9642326740144268,150.0
P23_B03_ACT104_EGFR,PLATE_23,0,388.8668452606735,130.20247933884298,1.0,0.0,112.0
P23_B03_ACT104_EGFR,PLATE_23,1,920.2207327615158,131.82003395585738,1.0,0.0,126.0
P23_B03_ACT104_EGFR,PLATE_23,1,227.30743732368572,139.73061224489797,1.0,0.98018038434698,149.0
P23_B03_ACT104_EGFR,PLATE_23,0,196.02694295138926,118.86734693877551,1.0,0.0,97.0
P23_B03_ACT104_EGFR,PLATE_23,0,271.0597483793275,145.7,1.0,0.0,150.0
P23_B03_ACT104_EGFR,PLATE_23,1,766.8096000884548,113.5125748502994,1.0,0.0651957832413246,90.0
P23_B03_ACT104_EGFR,PLATE_23,1,39.01999334358954,150.0,1.0,0.9812374297477902,150.0
P23_B03_ACT104_EGFR,PLATE_23,1,31.20091219568924,148.25,1.0,0.9428506080018547,150.0
P23_B03_ACT104_EGFR,PLATE_23,1,1189.194904337524,129.89690721649484,1.0,0.0,112.0
P23_B03_ACT104_EGFR,PLATE_23,0,445.7152917977398,144.02283105022832,1.0,0.08084888684176039,150.0
P23_B03_ACT104_EGFR,PLATE_23,0,50.66720824253181,149.7037037037037,1.0,0.9065191096309267,150.0
P23_B03_ACT104_EGFR,PLATE_23,1,371.1223674162029,133.92631578947368,1.0,0.0,122.0
P23_B03_ACT104_EGFR,PLATE_23,1,1750.8049324317894,139.2365364308342,1.0,0.044637079486120154,133.0
P23_B03_ACT104_EGFR,PLATE_23,1,287.80393012067884,138.63013698630138,1.0,0.0,125.0
P23_B03_ACT104_EGFR,PLATE_23,0,169.72899379087565,145.86607142857142,1.0,0.0,150.0
P23_B03_ACT104_EGFR,PLATE_23,1,308.28141898820326,145.96755162241888,0.9882005899705014,0.1044964742120742,150.0
P23_B03_ACT104_EGFR,PLATE_23,1,221.0499213432492,136.28205128205127,1.0,0.0,130.0
P23_B03_ACT104_EGFR,PLATE_23,1,986.0748642807363,141.4697926059513,1.0,0.15049328666012607,145.0
P23_B03_ACT104_EGFR,PLATE_23,1,413.0318237744956,144.2797619047619,1.0,0.590547133806759,146.0
P23_B03_ACT104_EGFR,PLATE_23,1,365.7372057821393,142.6632911392405,1.0,0.9893455129630903,150.0
P23_B03_ACT104_EGFR,PLATE_23,1,841.9787551592452,148.8882282996433,1.0,0.20164339240816825,150.0
P23_B03_ACT104_EGFR,PLATE_23,0,74.84217993689019,150.0,1.0,0.0,150.0
P23_B03_ACT104_EGFR,PLATE_23,1,440.0707467076959,143.1090909090909,1.0,0.0,150.0
P23_B03_ACT104_EGFR,PLATE_23,1,1665.7590973460829,138.34257975034674,0.9958391123439667,0.0,150.0
P23_B03_ACT104_EGFR,PLATE_23,1,27.30892838184606,150.0,1.0,0.8042263227009974,150.0
P23_B03_ACT104_EGFR,PLATE_23,1,978.3076153567558,133.09811320754716,1.0,0.0,122.0
P23_B03_ACT104_EGFR,PLATE_23,1,50.29557021534386,142.8939393939394,1.0,0.9595689995414473,150.0
P23_B03_ACT104_EGFR,PLATE_23,1,998.5534608982966,132.306101344364,0.9979317476732161,0.12560513113324562,126.0
P23_B03_ACT104_EGFR,PLATE_23,0,26.051672973116478,139.89655172413794,1.0,0.8511270464843824,125.0
P23_B03_ACT104_EGFR,PLATE_23,0,264.284028860237,144.3582089552239,1.0,0.9087880947741266,150.0
P23_B03_ACT104_EGFR,PLATE_23,1,276.45111316975226,149.64117647058825,1.0,0.9886567536652107,150.0
P23_B03_ACT104_EGFR,PLATE_23,1,295.80356219611224,124.67391304347827,1.0,0.0,113.0
P23_B03_ACT104_EGFR,PLATE_23,1,47.8787872266763,150.0,1.0,0.7936022996499265,150.0
P23_B03_ACT104_EGFR,PLATE_23,0,659.2616386649904,138.85816618911176,0.9914040114613181,0.40146865101609197,150.0
P23_B03_ACT104_EGFR,PLATE_23,1,673.0106546479918,149.05562422744129,1.0,0.7027777369656503,150.0
P23_B03_ACT104_EGFR,PLATE_23,0,399.1249746695605,135.58620689655172,1.0,0.0,123.0
P23_B03_ACT104_EGFR,PLATE_23,1,356.19024735448744,149.75720164609052,1.0,0.0,150.0
P23_B03_ACT104_EGFR,PLATE_23,1,136.7370574983531,117.14925373134328,1.0,0.0,100.0
P23_B03_ACT104_EGFR,PLATE_23,1,153.95323144461793,150.0,1.0,0.0,150.0
P23_B03_ACT104_EGFR,PLATE_23,1,907.1999090825544,131.53152173913043,0.9945652173913043,0.07771735000631826,122.0
P23_B03_ACT104_EGFR,PLATE_23,1,1619.215197075002,115.05784574468085,0.9960106382978723,0.07630050324666185,96.0
P23_B03_ACT104_EGFR,PLATE_23,1,229.31866056915203,103.91666666666667,1.0,0.997568236222222,73.0
P23_B03_ACT104_EGFR,PLATE_23,1,231.6095692900493,150.0,1.0,0.0,150.0
P23_B03_ACT104_EGFR,PLATE_23,0,1305.8792587082835,132.74313186813185,0.9965659340659341,0.47027521300317016,122.0
P23_B03_ACT104_EGFR,PLATE_23,1,332.4961944870609,148.26315789473685,1.0,0.9791570594568048,150.0
P23_B03_ACT104_EGFR,PLATE_23,0,83.93178512254013,150.0,1.0,0.02394920466769608,150.0
P23_B03_ACT104_EGFR,PLATE_23,1,409.0018249978971,143.57065217391303,1.0,0.9938958227895826,145.0
P23_B03_ACT104_EGFR,PLATE_23,0,28.088317498650653,150.0,1.0,0.8293253376305818,150.0
P23_B03_ACT104_EGFR,PLATE_23,1,147.47576952387726,137.8125,1.0,0.8745167102931343,122.0
P23_B03_ACT104_EGFR,PLATE_23,1,617.2175144462348,127.82874617737004,1.0,0.0,110.25
P23_B03_ACT104_EGFR,PLATE_23,1,27.17433488081163,150.0,1.0,0.9909837456341473,150.0
P23_B03_ACT104_EGFR,PLATE_23,1,137.94525410762122,149.1216216216216,1.0,0.0,150.0
P23_B03_ACT104_EGFR,PLATE_23,0,564.6316729686596,128.4975845410628,0.9967793880837359,0.10767855971650389,110.0
P23_B03_ACT104_EGFR,PLATE_23,0,509.74349243138715,138.6413043478261,1.0,0.0,135.0
P23_B03_ACT104_EGFR,PLATE_23,1,210.76483631808406,136.38842975206612,1.0,0.0,150.0
P23_B03_ACT104_EGFR,PLATE_23,1,174.25374948347138,98.9322033898305,1.0,0.9778403778372927,87.75
P23_B03_ACT104_EGFR,PLATE_23,1,567.8002525168005,131.5451263537906,1.0,0.0,112.0
P23_B03_ACT104_EGFR,PLATE_23,1,708.513122378077,147.8236582694414,1.0,0.9884650864527802,150.0
P23_B03_ACT104_EGFR,PLATE_23,1,339.0406914843588,144.13715710723193,1.0,0.9767043252398082,144.0
P23_B03_ACT104_EGFR,PLATE_23,0,52.6211971911264,144.4923076923077,1.0,0.9248787837235402,141.0
P23_B03_ACT104_EGFR,PLATE_23,0,58.39130547192661,144.58490566037736,1.0,0.062024146503172416,150.0
P23_B03_ACT104_EGFR,PLATE_23,1,159.7172359175184,134.6962962962963,0.9407407407407408,0.8151952757326248,150.0
P23_B03_ACT104_EGFR,PLATE_23,1,110.94103508047502,150.0,1.0,0.07784315537821065,150.0
P23_B03_ACT104_EGFR,PLATE_23,1,228.86328629837428,147.70338983050848,1.0,0.0,150.0
P23_B03_ACT104_EGFR,PLATE_23,1,359.12456169913526,149.7157894736842,1.0,0.0,150.0
P23_B03_ACT104_EGFR,PLATE_23,1,236.0741154033833,143.71929824561403,1.0,0.9821113416351475,150.0
P23_B03_ACT104_EGFR,PLATE_23,1,234.34690382536346,127.44444444444444,1.0,0.0,108.0
P23_B03_ACT104_EGFR,PLATE_23,1,1170.9318622617238,136.71698113207546,1.0,0.0,123.0
P23_B03_ACT104_EGFR,PLATE_23,1,47.60186455466506,145.47692307692307,1.0,0.9658844365904806,150.0
P23_B03_ACT104_EGFR,PLATE_23,1,813.9862341977326,141.82227784730912,1.0,0.2823479363565824,150.0
P23_B03_ACT104_EGFR,PLATE_23,1,169.25757798388332,135.45054945054946,1.0,0.0,111.25
P23_B03_ACT104_EGFR,PLATE_23,1,245.5812351511136,146.5205047318612,1.0,0.918691319216721,150.0
P23_B03_ACT104_EGFR,PLATE_23,1,439.93244290447126,149.44292237442923,1.0,0.0,150.0
P23_B03_ACT104_EGFR,PLATE_23,0,169.08131346441337,149.68695652173912,1.0,0.0,150.0
P23_B03_ACT104_EGFR,PLATE_23,1,776.6152849628234,147.0628115653041,1.0,0.18944292556385825,150.0
P23_B03_ACT104_EGFR,PLATE_23,1,922.0528497453273,106.37363726461844,1.0,0.12761628558573532,79.0
P23_B03_ACT104_EGFR,PLATE_23,0,33.37686370712246,142.72222222222223,1.0,0.9061969760188802,150.0
P23_B03_ACT104_EGFR,PLATE_23,1,29.069107103806516,148.94594594594594,1.0,0.9054550341592154,150.0
P23_B03_ACT104_EGFR,PLATE_23,1,258.7529372060019,95.4931506849315,1.0,0.0,77.0
P23_B03_ACT104_EGFR,PLATE_23,1,365.7728988366696,104.71153846153847,1.0,0.0,81.75
P23_B03_ACT104_EGFR,PLATE_23,1,419.8359696871691,149.08231173380034,1.0,0.008407235909103205,150.0
P23_B03_ACT104_EGFR,PLATE_23,1,800.7171743499518,123.97803347280335,0.9989539748953975,0.7799363994228541,103.75
P23_B03_ACT104_EGFR,PLATE_23,1,365.3564767514905,130.45054945054946,1.0,0.0,116.0
P23_B03_ACT104_EGFR,PLATE_23,1,1332.0673173235086,122.61702127659575,1.0,0.08117899201117372,93.0
P23_B03_ACT104_EGFR,PLATE_23,1,373.91579653574456,112.26229508196721,1.0,0.0,89.0
P23_B03_ACT104_EGFR,PLATE_23,1,1645.966994117497,128.15601882985877,0.9502353732347008,0.033442277159478964,127.0
P23_B03_ACT104_EGFR,PLATE_23,1,514.5637799480816,111.49760765550239,0.9808612440191388,0.0,25.0
P23_B03_ACT104_EGFR,PLATE_23,0,83.85559931891922,144.67741935483872,1.0,0.09984015738496535,150.0
P23_B03_ACT104_EGFR,PLATE_23,0,2174.2737057404565,143.35178408051235,1.0,0.11660284314004722,150.0
P23_B03_ACT104_EGFR,PLATE_23,0,55.48828732628396,136.52,1.0,0.7431720368373195,140.0
P23_B03_ACT104_EGFR,PLATE_23,1,902.3304662503076,137.6601195559351,1.0,0.07733810344260843,135.5
P23_B03_ACT104_EGFR,PLATE_23,0,1279.8658917099856,124.48115477145149,0.991980753809142,0.09408331817686028,100.0
P23_B03_ACT104_EGFR,PLATE_23,1,32.816220990389475,148.73809523809524,1.0,0.926695105253328,150.0
P23_B03_ACT104_EGFR,PLATE_23,1,50.68021816569535,138.3230769230769,1.0,0.9326264027365424,131.0
P23_B03_ACT104_EGFR,PLATE_23,0,32.77538312897962,134.63888888888889,1.0,0.9278778515487518,120.0
P23_B03_ACT104_EGFR,PLATE_23,1,1074.7427496192518,141.6802030456853,0.9992748368382887,0.022955242952565954,150.0
P23_B03_ACT104_EGFR,PLATE_23,0,43.62499225361385,149.41071428571428,1.0,0.9315222009404512,150.0
P23_B03_ACT104_EGFR,PLATE_23,1,183.18500755133613,149.7704918032787,1.0,0.996008223110175,150.0
P23_B03_ACT104_EGFR,PLATE_23,1,37.770086801093306,149.30434782608697,1.0,0.9271269921644626,150.0
P23_B03_ACT104_EGFR,PLATE_23,1,296.2682324588649,149.0,1.0,0.9643432677901131,150.0
P23_B03_ACT104_EGFR,PLATE_23,1,740.8104662041783,132.04098360655738,1.0,0.0,118.0
P23_B03_ACT104_EGFR,PLATE_23,1,769.2893655813901,132.38303341902315,1.0,0.0,118.0
P23_B03_ACT104_EGFR,PLATE_23,0,159.81333417254683,145.84615384615384,1.0,0.0,150.0
P23_B03_ACT104_EGFR,PLATE_23,1,50.91636644644747,121.92156862745098,1.0,0.9951184803247891,112.0
P23_B03_ACT104_EGFR,PLATE_23,1,29.299225028167797,123.83333333333333,1.0,0.9951232710173914,87.5
P23_B03_ACT104_EGFR,PLATE_23,0,38.82835517723347,150.0,1.0,0.38363645696754967,150.0
P23_B03_ACT104_EGFR,PLATE_23,0,299.2601437560451,143.40594059405942,1.0,0.0,143.0
P23_B03_ACT104_EGFR,PLATE_23,0,204.62807804284085,119.35398230088495,1.0,0.0,92.0
P23_B03_ACT104_EGFR,PLATE_23,1,184.85871648003666,149.1236559139785,1.0,0.9944012967200534,150.0
P23_B03_ACT104_EGFR,PLATE_23,0,417.5649828987841,139.70171673819743,1.0,0.12228223759074032,130.0
P23_B03_ACT104_EGFR,PLATE_23,1,498.11982254704066,149.77133655394525,1.0,0.9938233074270564,150.0
P23_B03_ACT104_EGFR,PLATE_23,1,1418.0408333969674,139.94823867721064,1.0,0.028200091289889546,150.0
P23_B03_ACT104_EGFR,PLATE_23,1,634.7757274725799,123.521875,1.0,0.001973668378999853,91.0
P23_B03_ACT104_EGFR,PLATE_23,0,680.0755640605594,133.3248730964467,1.0,0.23303498134576056,133.0
P23_B03_ACT104_EGFR,PLATE_23,0,201.02416893630323,150.0,1.0,0.0,150.0
P23_B03_ACT104_EGFR,PLATE_23,0,40.04015719557748,142.49056603773585,1.0,0.9801755224674662,150.0
P23_B03_ACT104_EGFR,PLATE_23,1,368.64703367236416,131.09782608695653,1.0,0.0,119.0
P23_B03_ACT104_EGFR,PLATE_23,0,997.3379748353292,126.42190016103059,0.9975845410628019,0.09593673737917509,100.0
P23_B03_ACT104_EGFR,PLATE_23,0,188.7134238700482,130.6766917293233,1.0,0.0,112.0
P23_B03_ACT104_EGFR,PLATE_23,0,162.2450779319724,149.33695652173913,1.0,0.0,150.0
P23_B03_ACT104_EGFR,PLATE_23,1,459.13262528134356,136.89419795221843,1.0,0.10206672828080758,137.0
P23_B03_ACT104_EGFR,PLATE_23,1,1021.8909084577069,106.17975402081362,0.9971617786187322,0.10273891027721417,73.0
P23_B03_ACT104_EGFR,PLATE_23,1,263.9447002307436,125.33333333333333,1.0,0.0,102.0
P23_B03_ACT104_EGFR,PLATE_23,0,36.06363689855415,150.0,1.0,0.9128416224823013,150.0
P23_B03_ACT104_EGFR,PLATE_23,1,307.3320989698074,149.78233438485805,1.0,0.6994745315198467,150.0
P23_B03_ACT104_EGFR,PLATE_23,1,537.156425362224,143.5187265917603,1.0,0.9740380265037941,141.0
P23_B03_ACT104_EGFR,PLATE_23,1,146.11875572522922,148.01333333333332,1.0,0.0,150.0
P23_B03_ACT104_EGFR,PLATE_23,0,41.76366567932835,145.4390243902439,1.0,0.1360109750945543,150.0
P23_B03_ACT104_EGFR,PLATE_23,0,952.8904543428592,132.60721649484537,0.9814432989690721,0.11429112901948457,129.0
P23_B03_ACT104_EGFR,PLATE_23,0,407.898229778007,129.54166666666666,0.984375,0.13535544655993412,112.0
P23_B03_ACT104_EGFR,PLATE_23,1,1167.7333660829293,138.026213592233,0.9941747572815534,0.28271877704970605,150.0
P23_B03_ACT104_EGFR,PLATE_23,1,566.497826836807,134.12307692307692,1.0,0.0,119.0
P23_B03_ACT104_EGFR,PLATE_23,1,243.0313131653981,96.25454545454545,1.0,0.0,83.0
P23_B03_ACT104_EGFR,PLATE_23,1,640.587438725652,148.71148825065274,1.0,0.7799065993050592,150.0
P23_B03_ACT104_EGFR,PLATE_23,1,245.65634337225018,133.60091743119267,1.0,0.27307719901968136,125.0
P23_B03_ACT104_EGFR,PLATE_23,1,806.1554682843505,146.46178686759956,1.0,0.6413814554604746,150.0
P23_B03_ACT104_EGFR,PLATE_23,1,1132.6122339789667,120.24089635854342,1.0,0.08880266639938296,93.0
P23_B03_ACT104_EGFR,PLATE_23,1,360.9557624694992,142.22573839662448,1.0,0.9533368363422496,150.0
P23_B03_ACT104_EGFR,PLATE_23,0,38.32674486879359,135.41666666666666,1.0,0.6622081727327332,111.75
P23_B03_ACT104_EGFR,PLATE_23,1,493.4333503043355,131.42315369261476,1.0,0.0681482070122485,116.0
P23_B03_ACT104_EGFR,PLATE_23,1,476.64282775860613,144.85341365461846,1.0,0.9758987554394183,150.0
P23_B03_ACT104_EGFR,PLATE_23,1,2181.8216440061883,141.82849740932642,0.9689119170984456,0.03490205954828672,150.0
P23_B03_ACT104_EGFR,PLATE_23,0,837.8383833739032,142.85714285714286,1.0,0.4672666439630691,150.0
P23_B03_ACT104_EGFR,PLATE_23,1,800.6308902956313,138.78252611585944,0.9990503323836657,0.05588307138972067,150.0
P23_B03_ACT104_EGFR,PLATE_23,1,766.6549291526927,147.5280612244898,1.0,0.9921165020959583,150.0
P23_B03_ACT104_EGFR,PLATE_23,1,1151.7856129874083,147.44133099824867,1.0,0.368094550394799,150.0
P23_B03_ACT104_EGFR,PLATE_23,1,98.80201048613038,149.5096153846154,1.0,0.6079267701499761,150.0
P23_B03_ACT104_EGFR,PLATE_23,0,2252.236814976095,135.57400863761288,0.9980369061641147,0.26645421157574356,146.0
P23_B03_ACT104_EGFR,PLATE_23,1,778.6090150506507,150.0,1.0,0.793028137349242,150.0
P23_B03_ACT104_EGFR,PLATE_23,1,696.9056681935991,147.83453237410072,1.0,0.3579355218602273,150.0
P23_B03_ACT104_EGFR,PLATE_23,0,67.89897871844806,150.0,1.0,0.3311141889991737,150.0
P23_B03_ACT104_EGFR,PLATE_23,0,200.34533218583607,147.34710743801654,1.0,0.0,150.0
P23_B03_ACT104_EGFR,PLATE_23,0,63.07475287922873,124.73015873015873,1.0,0.9956263397602082,106.0
P23_B03_ACT104_EGFR,PLATE_23,0,33.54645987057821,150.0,1.0,0.889213344331949,150.0
P23_B03_ACT104_EGFR,PLATE_23,0,49.36647512176407,150.0,1.0,0.14187214221118277,150.0
P23_B03_ACT104_EGFR,PLATE_23,1,302.7226955721157,133.335,1.0,0.0,118.0
P23_B03_ACT104_EGFR,PLATE_23,1,500.8834023877308,135.44126074498567,1.0,0.0,141.0
P23_B03_ACT104_EGFR,PLATE_23,0,168.46491000980308,131.7549019607843,1.0,0.0,117.0
P23_B03_ACT104_EGFR,PLATE_23,1,64.64464561621196,150.0,1.0,0.036253711451457546,150.0
P23_B03_ACT104_EGFR,PLATE_23,0,34.91300981521596,145.6,1.0,0.26207995381745186,150.0
P23_B03_ACT104_EGFR,PLATE_23,1,373.4786296888378,135.15444015444015,1.0,0.0,120.0
P23_B03_ACT104_EGFR,PLATE_23,0,786.3342880577275,127.74944320712694,1.0,0.043980137103979966,101.0
P23_B03_ACT104_EGFR,PLATE_23,0,125.72195032141312,148.92592592592592,1.0,0.0,150.0
P23_B03_ACT104_EGFR,PLATE_23,1,960.0537955396096,138.93721144967682,1.0,0.2010837196690885,150.0
P23_B03_ACT104_EGFR,PLATE_23,1,110.45052595560355,120.48076923076923,1.0,0.9972313660511896,82.0
P23_B03_ACT104_EGFR,PLATE_23,1,190.57403774248678,108.48484848484848,1.0,0.0,102.0
P23_B03_ACT104_EGFR,PLATE_23,1,412.635480940306,147.8230088495575,1.0,0.9911334049916429,150.0
P23_B03_ACT104_EGFR,PLATE_23,1,753.9573905352424,134.46218487394958,1.0,0.10400063183601772,127.0
P23_B03_ACT104_EGFR,PLATE_23,0,148.25255762371035,147.02970297029702,1.0,0.0,150.0
P23_B03_ACT104_EGFR,PLATE_23,1,611.0570017315897,112.34512022630834,1.0,0.18604704650682904,92.0
P23_B03_ACT104_EGFR,PLATE_23,0,387.99551246005547,140.61320754716982,1.0,0.6188905875826093,150.0
P23_B03_ACT104_EGFR,PLATE_23,1,167.96519253267687,148.63716814159292,1.0,0.0,150.0
P23_B03_ACT104_EGFR,PLATE_23,0,126.5625025602479,132.23863636363637,1.0,0.0,120.0
P23_B03_ACT104_EGFR,PLATE_23,0,1152.1386542127666,141.25512934879572,1.0,0.10325579322724471,150.0
P23_B03_ACT104_EGFR,PLATE_23,1,1025.8404640906674,125.41359223300971,1.0,0.0,105.0
P23_B03_ACT104_EGFR,PLATE_23,1,346.10152771459,150.0,1.0,0.3155797131170453,150.0
P23_B03_ACT104_EGFR,PLATE_23,1,312.4976509822409,144.5990566037736,1.0,0.0,150.0
P23_B03_ACT104_EGFR,PLATE_23,0,59.73542832553681,147.88524590163934,1.0,0.985755468445307,150.0
P23_B03_ACT104_EGFR,PLATE_23,1,1058.6194317875695,123.32367632367632,0.996003996003996,0.08059938223005113,102.0
P23_B03_ACT104_EGFR,PLATE_23,0,28.874388180380944,146.34375,1.0,0.8838315757039776,150.0
P23_B03_ACT104_EGFR,PLATE_23,0,26.783272386710717,148.54285714285714,1.0,0.9025386068719069,150.0
P23_B03_ACT104_EGFR,PLATE_23,1,271.2641298148656,137.27857142857144,1.0,0.0,150.0
P23_B03_ACT104_EGFR,PLATE_23,0,143.94386313908365,149.84158415841586,1.0,0.0,150.0
P23_B03_ACT104_EGFR,PLATE_23,1,608.4548238509794,149.80233918128656,1.0,0.996544285237389,150.0
P23_B03_ACT104_EGFR,PLATE_23,1,346.01294491084604,147.47093023255815,1.0,0.9933911492317884,150.0
P23_B03_ACT104_EGFR,PLATE_23,1,541.204141068036,142.93314366998578,1.0,0.9965945026961619,150.0
P23_B03_ACT104_EGFR,PLATE_23,1,1454.1530451534704,111.55419766206164,1.0,0.023449501636901328,85.0
P23_B03_ACT104_EGFR,PLATE_23,1,1609.560366213902,131.05348615090736,1.0,0.06125371211577636,111.0
P23_B03_ACT104_EGFR,PLATE_23,0,45.75041235795261,149.76785714285714,1.0,0.8762688126388928,150.0
P23_B03_ACT104_EGFR,PLATE_23,1,1347.2094126960951,131.41463414634146,0.9944250871080139,0.37649917366896696,113.5
P23_B03_ACT104_EGFR,PLATE_23,1,276.3245084803441,127.58156028368795,1.0,0.0,99.0
P23_B03_ACT104_EGFR,PLATE_23,0,32.4026877244569,148.14705882352942,1.0,0.7207001831946336,150.0
P23_B03_ACT104_EGFR,PLATE_23,1,145.3779127011889,105.06666666666666,1.0,0.0,69.0
P23_B03_ACT104_EGFR,PLATE_23,1,852.3582532273288,122.15302491103203,1.0,0.0,99.0
P23_B03_ACT104_EGFR,PLATE_23,1,166.35283663678243,126.08695652173913,1.0,0.0,109.0
P23_B03_ACT104_EGFR,PLATE_23,1,568.3776372506579,94.8678756476684,1.0,0.0,73.0
P23_B03_ACT104_EGFR,PLATE_23,1,265.34399325951784,107.79005524861878,1.0,0.0,86.0
P23_B03_ACT104_EGFR,PLATE_23,1,606.5434387815512,130.12436548223351,1.0,0.0,106.0
P23_B03_ACT104_EGFR,PLATE_23,0,3026.6377500416716,137.3823234014061,0.9983260796786073,0.26851558069661124,141.0
P23_B03_ACT104_EGFR,PLATE_23,1,337.69477607818305,124.6566265060241,1.0,0.0,109.0
P23_B03_ACT104_EGFR,PLATE_23,1,687.2725572470067,131.57909215955985,1.0,0.11195137531238267,117.0
P23_B03_ACT104_EGFR,PLATE_23,1,48.793669917669376,131.87755102040816,1.0,0.9971516057896854,113.0
P23_B03_ACT104_EGFR,PLATE_23,1,377.33709440247696,135.16326530612244,1.0,0.0,115.0
P23_B03_ACT104_EGFR,PLATE_23,0,203.33731918040735,143.23469387755102,1.0,0.0,150.0
P23_B03_ACT104_EGFR,PLATE_23,0,27.6087358882217,150.0,1.0,0.8974566328907206,150.0
P23_B03_ACT104_EGFR,PLATE_23,1,204.41417761108437,130.45,1.0,0.0,112.0
P23_B03_ACT104_EGFR,PLATE_23,1,58.90981110211603,124.35802469135803,1.0,0.9848171440002218,87.0
P23_B03_ACT104_EGFR,PLATE_23,1,135.20494777195836,134.39506172839506,1.0,0.0,127.0
P23_B03_ACT104_EGFR,PLATE_23,0,32.77593512170154,141.69444444444446,1.0,0.954843381196687,144.5
P23_B03_ACT104_EGFR,PLATE_23,1,583.2742322766713,127.92581602373888,1.0,0.0,102.0
P23_B03_ACT104_EGFR,PLATE_23,0,35.10524139916437,146.2340425531915,1.0,0.9298970333557237,150.0
P23_B03_ACT104_EGFR,PLATE_23,0,30.915282677004715,141.64102564102564,1.0,0.9070529760526459,150.0
P23_B03_ACT104_EGFR,PLATE_23,0,230.3217521526702,143.13375796178343,1.0,0.0,143.0
P23_B03_ACT104_EGFR,PLATE_23,0,195.67973455590322,101.64462809917356,1.0,0.0,83.0
P23_B03_ACT104_EGFR,PLATE_23,1,693.3335711997095,136.27089337175792,1.0,0.0,130.0
P23_B03_ACT104_EGFR,PLATE_23,1,113.21615678674684,146.17910447761193,1.0,0.8778939166860091,150.0
P23_B03_ACT104_EGFR,PLATE_23,1,246.12473117461764,96.68939393939394,1.0,0.9840229299846968,68.0
P23_B03_ACT104_EGFR,PLATE_23,1,363.40425430932453,115.3195020746888,1.0,0.0,94.0
P23_B03_ACT104_EGFR,PLATE_23,0,997.1920002205345,116.45267489711934,0.9967078189300411,0.23838104000769053,89.0
P23_B03_ACT104_EGFR,PLATE_23,1,181.8272165528577,149.71875,1.0,0.9461790735109864,150.0
P23_B03_ACT104_EGFR,PLATE_23,1,1027.4323888786162,130.1212962962963,1.0,0.07254073474086216,113.0
P23_B03_ACT104_EGFR,PLATE_23,1,337.13748717016966,150.0,1.0,0.004716549899376604,150.0
P23_B03_ACT104_EGFR,PLATE_23,0,52.86895698294912,150.0,1.0,0.9771101961438852,150.0
P23_B03_ACT104_EGFR,PLATE_23,0,37.80483503960139,139.84375,1.0,0.17685549517176605,150.0
P23_B03_ACT104_EGFR,PLATE_23,0,453.3505885274638,124.37179487179488,1.0,0.0,110.0
P23_B03_ACT104_EGFR,PLATE_23,1,154.77415906113197,149.1573033707865,1.0,0.0,150.0
P23_B03_ACT104_EGFR,PLATE_23,1,271.4007191970835,141.11494252873564,1.0,0.0,137.0
P23_B03_ACT104_EGFR,PLATE_23,1,583.3526506712315,117.06050955414013,1.0,0.0,77.0
P23_B03_ACT104_EGFR,PLATE_23,1,975.0417930788294,148.79173693086003,1.0,0.2899465631201028,150.0
P23_B03_ACT104_EGFR,PLATE_23,0,330.6953771429427,133.8279301745636,0.9825436408977556,0.1965758761401906,130.0
P23_B03_ACT104_EGFR,PLATE_23,1,456.8876920195421,123.01282051282051,1.0,0.0,95.0
P23_B03_ACT104_EGFR,PLATE_23,1,357.3795301264556,135.14,1.0,0.0,124.0
P23_B03_ACT104_EGFR,PLATE_23,1,243.64462787846213,149.47826086956522,1.0,0.0,150.0
P23_B03_ACT104_EGFR,PLATE_23,0,652.4517153643583,126.08169014084507,1.0,0.07896066468314517,106.25
P23_B03_ACT104_EGFR,PLATE_23,1,211.66731453242983,148.11290322580646,1.0,0.8863229746892373,150.0
P23_B03_ACT104_EGFR,PLATE_23,0,47.44368281165108,136.33846153846153,1.0,0.9598026189899361,106.0
P23_B03_ACT104_EGFR,PLATE_23,1,1888.1264166010233,126.38959764474976,0.9995093228655545,0.18940316006660415,97.0
P23_B03_ACT104_EGFR,PLATE_23,0,28.46025988716112,149.45945945945945,1.0,0.9013038249561789,150.0
P23_B03_ACT104_EGFR,PLATE_23,1,279.17689136857047,145.59649122807016,1.0,0.0,150.0
P23_B03_ACT104_EGFR,PLATE_23,0,72.86497709659285,150.0,1.0,0.02793907347444781,150.0
P23_B03_ACT104_EGFR,PLATE_23,1,414.3562915165194,104.98586572438163,1.0,0.0,82.0
P23_B03_ACT104_EGFR,PLATE_23,1,345.4678468906717,147.25,1.0,0.0,150.0
P23_B03_ACT104_EGFR,PLATE_23,0,98.64033547120219,144.736,1.0,0.9181212715146695,150.0
P23_B03_ACT104_EGFR,PLATE_23,0,250.49012141133701,145.01503759398497,1.0,0.9532338069052043,150.0
P23_B03_ACT104_EGFR,PLATE_23,1,410.14204514354606,139.22105263157894,1.0,0.0,134.0
P23_B03_ACT104_EGFR,PLATE_23,1,379.4855248736947,140.78762886597937,1.0,0.6987917225578356,150.0
P23_B03_ACT104_EGFR,PLATE_23,1,577.1787680912742,127.67791411042944,1.0,0.0,103.0
P23_B03_ACT104_EGFR,PLATE_23,1,2746.6304386590864,144.91137793024586,0.9939965694682675,0.041306784607453656,150.0
P23_B03_ACT104_EGFR,PLATE_23,1,300.98259499583446,138.36363636363637,1.0,0.9835436710321058,131.25
P23_B03_ACT104_EGFR,PLATE_23,1,2746.818387875654,140.6311369509044,1.0,0.0,150.0
P23_B03_ACT104_EGFR,PLATE_23,1,274.93211372710266,149.1929347826087,1.0,0.5094508048694233,150.0
P23_B03_ACT104_EGFR,PLATE_23,0,215.88465957983078,113.65137614678899,1.0,0.0,90.0
P23_B03_ACT104_EGFR,PLATE_23,1,50.310623676446404,118.47058823529412,1.0,0.9969968730671087,93.0
P23_B03_ACT104_EGFR,PLATE_23,1,422.5141265346231,105.61670761670761,1.0,0.9589477717656227,80.0
P23_B03_ACT104_EGFR,PLATE_23,0,155.55902892065313,145.16666666666666,1.0,0.0,150.0
P23_B03_ACT104_EGFR,PLATE_23,1,728.0399978193976,150.0,1.0,0.006723668486715504,150.0
P23_B03_ACT104_EGFR,PLATE_23,1,36.09478372586147,131.8695652173913,1.0,0.9648459415120086,127.0
P23_B03_ACT104_EGFR,PLATE_23,0,184.1195551366747,121.4453125,1.0,0.0,103.0
P23_B03_ACT104_EGFR,PLATE_23,0,401.7902185318868,143.39248434237996,1.0,0.10605153194887715,150.0
P23_B03_ACT104_EGFR,PLATE_23,0,54.47969732231538,147.49333333333334,1.0,0.9771422610091104,150.0
P23_B03_ACT104_EGFR,PLATE_23,0,143.82867902128794,139.71604938271605,1.0,0.0,134.0
P23_B03_ACT104_EGFR,PLATE_23,0,200.44674845985008,131.96268656716418,1.0,0.0,126.0
P23_B03_ACT104_EGFR,PLATE_23,1,394.50558947312516,147.74484536082474,1.0,0.9910366065345149,150.0
P23_B03_ACT104_EGFR,PLATE_23,0,53.9200766673745,129.35849056603774,1.0,0.9897056485969722,119.0
P23_B03_ACT104_EGFR,PLATE_23,0,39.27332102779453,147.0188679245283,1.0,0.9716668228749371,150.0
P23_B03_ACT104_EGFR,PLATE_23,0,856.3117719250877,148.10190476190476,1.0,0.33880828938476504,150.0
P23_B03_ACT104_EGFR,PLATE_23,1,554.9451502172467,127.40932642487047,1.0,0.0,107.0
P23_B03_ACT104_EGFR,PLATE_23,1,367.18409275511635,148.98837209302326,1.0,0.9941350738207568,150.0
P23_B03_ACT104_EGFR,PLATE_23,0,247.98679408900045,138.29310344827587,1.0,0.0,126.0
P23_B03_ACT104_EGFR,PLATE_23,0,276.3638145585394,127.83734939759036,1.0,0.0,110.0
P23_B03_ACT104_EGFR,PLATE_23,0,33.58549479723702,150.0,1.0,0.9871062221932314,150.0
P23_B03_ACT104_EGFR,PLATE_23,1,721.046386119828,114.43507972665148,1.0,0.0,86.0
P23_B03_ACT104_EGFR,PLATE_23,1,335.8544360756296,147.30061349693253,1.0,0.0,150.0
P23_B03_ACT104_EGFR,PLATE_23,0,364.41215286089067,134.08097165991902,1.0,0.0,125.0
P23_B03_ACT104_EGFR,PLATE_23,1,199.87020655026373,150.0,1.0,0.275858642528995,150.0
P23_B03_ACT104_EGFR,PLATE_23,1,219.91715147170584,149.81560283687944,1.0,0.988377553554072,150.0
P23_B03_ACT104_EGFR,PLATE_23,1,729.128518336934,123.40833333333333,1.0,0.0,102.0
P23_B03_ACT104_EGFR,PLATE_23,1,475.7999150319562,125.98765432098766,1.0,0.0,93.0
P23_B03_ACT104_EGFR,PLATE_23,1,273.2397300544421,128.44155844155844,1.0,0.0,110.0
P23_B03_ACT104_EGFR,PLATE_23,1,664.0246601028916,130.92424242424244,1.0,0.0,124.0
P23_B03_ACT104_EGFR,PLATE_23,1,198.6860691749073,149.3963963963964,1.0,0.0,150.0
P23_B03_ACT104_EGFR,PLATE_23,0,290.4698248464094,135.55897435897435,1.0,0.0,123.0
P23_B03_ACT104_EGFR,PLATE_23,1,200.55660955233878,142.98469387755102,1.0,0.9938667783746082,150.0
P23_B03_ACT104_EGFR,PLATE_23,0,125.4181265231921,149.37790697674419,1.0,0.962700738231506,150.0
P23_B03_ACT104_EGFR,PLATE_23,0,32.58440324707076,130.88095238095238,1.0,0.9205673091642549,110.75
P23_B03_ACT104_EGFR,PLATE_23,0,333.0872818530378,149.5791366906475,1.0,0.014421453703760925,150.0
P23_B03_ACT104_EGFR,PLATE_23,1,29.63420670919918,142.8918918918919,1.0,0.901323519469816,150.0
P23_B03_ACT104_EGFR,PLATE_23,1,525.1165709096061,123.1596958174905,1.0,0.0,104.0
P23_B03_ACT104_EGFR,PLATE_23,1,335.8938037192706,146.2863436123348,1.0,0.0,150.0
P23_B03_ACT104_EGFR,PLATE_23,0,186.63292429150377,148.83690987124464,1.0,0.2604051458363936,150.0
P23_B03_ACT104_EGFR,PLATE_23,1,190.6972855024352,146.0,1.0,0.0,150.0
P23_B03_ACT104_EGFR,PLATE_23,1,56.41974004017734,149.0,1.0,0.9955936187536629,150.0
P23_B03_ACT104_EGFR,PLATE_23,0,520.6954932192284,113.28571428571429,1.0,0.0,81.25
P23_B03_ACT104_EGFR,PLATE_23,1,340.8117436997042,139.95642701525054,1.0,0.9941909301646809,150.0
P23_B03_ACT104_EGFR,PLATE_23,1,223.55153951129614,148.8372093023256,1.0,0.8099060134662311,150.0
P23_B03_ACT104_EGFR,PLATE_23,1,54.71031223888228,142.55263157894737,1.0,0.9773494417595879,150.0
P23_B03_ACT104_EGFR,PLATE_23,0,180.50137061698274,144.57009345794393,1.0,0.0,150.0
P23_B03_ACT104_EGFR,PLATE_23,1,232.27495315397198,102.51181102362204,1.0,0.0,79.0
P23_B03_ACT104_EGFR,PLATE_23,1,338.11614473502135,150.0,1.0,0.3230328469264259,150.0
P23_B03_ACT104_EGFR,PLATE_23,1,474.7749856603673,129.07051282051282,1.0,0.0,111.0
P23_B03_ACT104_EGFR,PLATE_23,1,411.0084604387776,145.9,1.0,0.2724916588188634,150.0
P23_B03_ACT104_EGFR,PLATE_23,0,59.969547568767624,147.70833333333334,1.0,0.0,150.0
P23_B03_ACT104_EGFR,PLATE_23,1,470.4735179855967,149.5499231950845,1.0,0.9836816693265268,150.0
P23_B03_ACT104_EGFR,PLATE_23,0,50.83726826874544,118.97183098591549,1.0,0.9904460778326718,86.5
P23_B03_ACT104_EGFR,PLATE_23,1,802.7279426999585,132.7268170426065,1.0,0.0,124.0
P23_B03_ACT104_EGFR,PLATE_23,1,290.08155784326345,149.73333333333332,1.0,0.9447980700263202,150.0
P23_B03_ACT104_EGFR,PLATE_23,1,441.28902854540684,131.9515570934256,1.0,0.0,114.0
P23_B03_ACT104_EGFR,PLATE_23,1,1193.74292238724,113.79031141868512,1.0,0.007940277186236366,89.0
P23_B03_ACT104_EGFR,PLATE_23,0,42.02663321894447,149.83928571428572,1.0,0.9510519953822829,150.0
P23_B03_ACT104_EGFR,PLATE_23,1,465.6106220476589,136.35826771653544,1.0,0.0,127.0
P23_B03_ACT104_EGFR,PLATE_23,0,76.80560740184839,150.0,1.0,0.10613057385216126,150.0
P23_B03_ACT104_EGFR,PLATE_23,1,30.123746587656328,141.64705882352942,1.0,0.9522233257721261,150.0
P23_B03_ACT104_EGFR,PLATE_23,1,584.9576083203233,145.94745762711864,1.0,0.9878322670344529,150.0
P23_B03_ACT104_EGFR,PLATE_23,1,209.0361708940161,145.02380952380952,1.0,0.9948208085737343,150.0
P23_B03_ACT104_EGFR,PLATE_23,1,120.30232770345833,148.77333333333334,1.0,0.0,150.0
P23_B03_ACT104_EGFR,PLATE_23,0,34.15664402185063,150.0,1.0,0.9148950809972276,150.0
P23_B03_ACT104_EGFR,PLATE_23,1,265.5882569375682,143.20338983050848,1.0,0.8426403171348069,150.0
P23_B03_ACT104_EGFR,PLATE_23,1,375.69386166142755,145.80985915492957,1.0,0.901640290006784,150.0
P23_B03_ACT104_EGFR,PLATE_23,1,506.05612582800967,139.2561403508772,1.0,0.0,150.0
P23_B03_ACT104_EGFR,PLATE_23,1,2530.0083915595574,141.61173184357543,1.0,0.24238377372436087,150.0
P23_B03_ACT104_EGFR,PLATE_23,0,255.2902562242136,101.09677419354838,1.0,0.0,88.25
P23_B03_ACT104_EGFR,PLATE_23,1,157.47946654708466,150.0,1.0,0.0,150.0
P23_B03_ACT104_EGFR,PLATE_23,1,383.4288758770506,132.4816326530612,1.0,0.0,110.0
P23_B03_ACT104_EGFR,PLATE_23,1,586.6809272261526,118.73590504451039,1.0,0.0,85.0
P23_B03_ACT104_EGFR,PLATE_23,1,369.3001941589449,147.67397260273972,1.0,0.9670399656238705,150.0
P23_B03_ACT104_EGFR,PLATE_23,1,38.46555004822082,121.075,1.0,0.9779041344373764,104.25
P23_B03_ACT104_EGFR,PLATE_23,1,206.71606397325257,136.36496350364965,1.0,0.0,124.0
P23_B03_ACT104_EGFR,PLATE_23,0,519.2880922101592,87.67557251908397,1.0,0.0,73.0
P23_B03_ACT104_EGFR,PLATE_23,0,47.262873293475344,140.73076923076923,1.0,0.9403344813538921,150.0
P23_B03_ACT104_EGFR,PLATE_23,1,1156.1590555504024,117.92749244712991,1.0,0.0,80.0
P23_B03_ACT104_EGFR,PLATE_23,0,38.912790455319346,150.0,1.0,0.9284258812895956,150.0
P23_B03_ACT104_EGFR,PLATE_23,0,31.066772032881598,148.35,1.0,0.8997347139399016,150.0
P23_B03_ACT104_EGFR,PLATE_23,1,592.8110696738815,140.21490683229814,1.0,0.9710862973107259,150.0
P23_B03_ACT104_EGFR,PLATE_23,0,56.173242976430224,128.0,1.0,0.9850852891769051,100.0
P23_B03_ACT104_EGFR,PLATE_23,1,337.02069981479593,131.65384615384616,1.0,0.0,127.0
P23_B03_ACT104_EGFR,PLATE_23,1,224.80524659545443,149.47008547008548,1.0,0.0,150.0
P23_B03_ACT104_EGFR,PLATE_23,1,195.9565405712935,145.46296296296296,1.0,0.0,150.0
P23_B03_ACT104_EGFR,PLATE_23,1,677.299239509753,91.52830188679245,1.0,0.0,70.0
P23_B03_ACT104_EGFR,PLATE_23,1,1678.7253850772431,137.96612466124662,1.0,0.0,150.0
P23_B03_ACT104_EGFR,PLATE_23,1,347.4391435319718,111.82608695652173,1.0,0.0,79.0
P23_B03_ACT104_EGFR,PLATE_23,1,665.4323710475073,113.00909090909092,1.0,0.0,76.0
P23_B03_ACT104_EGFR,PLATE_23,0,26.78848819966268,128.20689655172413,1.0,0.928404495372666,103.0
P23_B03_ACT104_EGFR,PLATE_23,1,185.32446595708814,112.3917525773196,1.0,0.0,94.0
P23_B03_ACT104_EGFR,PLATE_23,0,287.71050748227526,149.1875,1.0,0.0,150.0
P23_B03_ACT104_EGFR,PLATE_23,0,55.940038587597826,148.84745762711864,1.0,0.9121836506503307,150.0
P23_B03_ACT104_EGFR,PLATE_23,1,904.2695778007571,133.11904761904762,1.0,0.0,117.0
P23_B03_ACT104_EGFR,PLATE_23,1,598.8412314228003,140.61717612809315,0.9854439592430859,0.24065729975824288,150.0
P23_B03_ACT104_EGFR,PLATE_23,1,141.3792294346772,150.0,1.0,0.0,150.0
P23_B03_ACT104_EGFR,PLATE_23,1,295.9787424525396,142.62716049382715,1.0,0.9003054559948024,150.0
P23_B03_ACT104_EGFR,PLATE_23,1,197.9286108886965,149.3984962406015,1.0,0.0,150.0
P23_B03_ACT104_EGFR,PLATE_23,1,586.107674603766,131.28774928774928,1.0,0.0,111.75
P23_B03_ACT104_EGFR,PLATE_23,1,585.9143243918166,116.53102453102453,1.0,0.20757274491295463,89.0
P23_B03_ACT104_EGFR,PLATE_23,1,341.1003723780141,132.28571428571428,1.0,0.0,121.0
P23_B03_ACT104_EGFR,PLATE_23,1,405.1472131390642,116.24468085106383,1.0,0.0,105.0
P23_B03_ACT104_EGFR,PLATE_23,0,28.587033250397383,150.0,1.0,0.9504512510803623,150.0
P23_B03_ACT104_EGFR,PLATE_23,1,29.531914426848534,150.0,1.0,0.7364767314923824,150.0
P23_B03_ACT104_EGFR,PLATE_23,1,130.32601321211095,150.0,1.0,0.0,150.0
P23_B03_ACT104_EGFR,PLATE_23,1,188.21173950046335,145.65686274509804,1.0,0.8903250375457121,150.0
P23_B03_ACT104_EGFR,PLATE_23,1,269.2147129853681,113.2406015037594,1.0,0.0,96.0
P23_B03_ACT104_EGFR,PLATE_23,0,28.370169541584552,148.9142857142857,1.0,0.8969305025211849,150.0
P23_B03_ACT104_EGFR,PLATE_23,1,491.177461954256,138.88990825688074,1.0,0.0,143.0
P23_B03_ACT104_EGFR,PLATE_23,1,503.4079811450595,137.32738095238096,1.0,0.0,130.0
P23_B03_ACT104_EGFR,PLATE_23,1,252.74113936022286,118.93491124260355,1.0,0.0,98.0
P23_B03_ACT104_EGFR,PLATE_23,0,278.00033292125767,133.3049645390071,1.0,0.0,123.0
P23_B03_ACT104_EGFR,PLATE_23,1,115.71956557572884,150.0,1.0,0.9692669768358028,150.0
P23_B03_ACT104_EGFR,PLATE_23,0,45.32986238997131,150.0,1.0,0.9514123126638998,150.0
P23_B03_ACT104_EGFR,PLATE_23,1,38.10467936431039,146.10204081632654,1.0,0.9446355403129821,150.0
P23_B03_ACT104_EGFR,PLATE_23,1,296.39606279068096,111.77033492822966,1.0,0.0,90.0
P23_B03_ACT104_EGFR,PLATE_23,1,736.1126498312453,136.99395161290323,1.0,0.0,127.0
P23_B03_ACT104_EGFR,PLATE_23,1,261.899722211637,131.216,1.0,0.0,112.0
P23_B03_ACT104_EGFR,PLATE_23,0,164.95978795086066,150.0,1.0,0.9523233613977501,150.0
P23_B03_ACT104_EGFR,PLATE_23,0,32.13983112664283,150.0,1.0,0.10048293636787964,150.0
P23_B03_ACT104_EGFR,PLATE_23,1,781.5542106609677,136.56521739130434,1.0,0.0,128.75
P23_B03_ACT104_EGFR,PLATE_23,1,201.6600758880273,149.68636363636364,1.0,0.8913570505409498,150.0
P23_B03_ACT104_EGFR,PLATE_23,0,357.32686765168967,144.92307692307693,1.0,0.0,150.0
P23_B03_ACT104_EGFR,PLATE_23,1,177.8452605620642,129.20618556701032,1.0,0.0,123.0
P23_B03_ACT104_EGFR,PLATE_23,1,498.18415127684295,142.63343108504398,1.0,0.007639129213575462,150.0
P32_B02_Ctrl,PLATE_32,1,285.5274088231908,145.72857142857143,1.0,0.0,150.0
P32_B02_Ctrl,PLATE_32,1,229.36813200295416,141.7625,1.0,0.0,143.0
P32_B02_Ctrl,PLATE_32,1,752.196723374986,145.01243093922653,0.9958563535911602,0.0462637174297147,150.0
P32_B02_Ctrl,PLATE_32,1,285.6799866648798,150.0,1.0,0.0,150.0
P32_B02_Ctrl,PLATE_32,1,383.07050849309996,147.97979797979798,1.0,0.0,150.0
P32_B02_Ctrl,PLATE_32,0,134.55288448732745,148.95652173913044,1.0,0.0,150.0
P32_B02_Ctrl,PLATE_32,1,952.0110887349531,147.8768689533861,1.0,0.01453904601750113,150.0
P32_B02_Ctrl,PLATE_32,1,181.07234478825615,150.0,1.0,0.0,150.0
P32_B02_Ctrl,PLATE_32,1,416.83560105331276,149.6947935368043,1.0,0.9935083248168446,150.0
P32_B02_Ctrl,PLATE_32,0,31.725335939472387,149.40625,1.0,0.9496388620578887,150.0
P32_B02_Ctrl,PLATE_32,1,486.88003264825835,146.23202614379085,1.0,0.0,150.0
P32_B02_Ctrl,PLATE_32,1,560.5747369951316,140.85768500948765,1.0,0.1152469482506641,140.0
P32_B02_Ctrl,PLATE_32,1,47.01251235910772,150.0,1.0,0.9701460570481689,150.0
P32_B02_Ctrl,PLATE_32,1,32.26006989200419,150.0,1.0,0.9919021532914855,150.0
P32_B02_Ctrl,PLATE_32,1,399.263741376399,135.95988538681948,1.0,0.41970253085210124,140.0
P32_B02_Ctrl,PLATE_32,1,440.9874909668737,136.28338762214983,1.0,0.0,125.0
P32_B02_Ctrl,PLATE_32,1,354.05175508402147,141.14814814814815,0.9947089947089947,0.9852360963612163,150.0
P32_B02_Ctrl,PLATE_32,1,239.67298291525324,150.0,1.0,0.0,150.0
P32_B02_Ctrl,PLATE_32,1,402.018715179099,140.17369727047145,1.0,0.12267626860125513,150.0
P32_B02_Ctrl,PLATE_32,1,32.256976826856494,150.0,1.0,0.9928617038055256,150.0
P32_B02_Ctrl,PLATE_32,1,298.134851052827,149.7134831460674,1.0,0.0,150.0
P32_B02_Ctrl,PLATE_32,1,190.72917924917562,130.91228070175438,1.0,0.0,104.0
P32_B02_Ctrl,PLATE_32,1,569.3300053739652,149.76666666666668,1.0,0.0032143045030588245,150.0
P32_B02_Ctrl,PLATE_32,0,1103.2603900959143,141.73529411764707,1.0,0.034483425963894185,150.0
P32_B02_Ctrl,PLATE_32,1,156.43315597557944,149.7037037037037,1.0,0.0,150.0
P32_B02_Ctrl,PLATE_32,1,747.9605567145456,146.4265873015873,1.0,0.0,150.0
P32_B02_Ctrl,PLATE_32,0,33.51209158739604,140.53846153846155,1.0,0.0,150.0
P32_B02_Ctrl,PLATE_32,1,320.5877148103982,141.5028901734104,1.0,0.0,150.0
P32_B02_Ctrl,PLATE_32,1,447.8391328440706,149.02733118971062,1.0,0.9861383475058219,150.0
P32_B02_Ctrl,PLATE_32,1,681.6247971346966,145.64767616191904,1.0,0.043823569954493775,150.0
P32_B02_Ctrl,PLATE_32,1,168.3577590979157,150.0,1.0,0.0,150.0
P32_B02_Ctrl,PLATE_32,1,202.18045111876052,150.0,1.0,0.0,150.0
P32_B02_Ctrl,PLATE_32,1,225.80661514621056,150.0,1.0,0.2936148111671905,150.0
P32_B02_Ctrl,PLATE_32,1,453.7478642975539,141.31390134529147,1.0,0.0,150.0
P32_B02_Ctrl,PLATE_32,1,445.9798211437037,141.14666666666668,1.0,0.0,150.0
P32_B02_Ctrl,PLATE_32,1,57.77037850542202,141.06153846153848,1.0,0.9908040303449456,136.0
P32_B02_Ctrl,PLATE_32,1,284.5456838855149,149.95081967213116,1.0,0.0,150.0
P32_B02_Ctrl,PLATE_32,1,262.6724554042121,148.77304964539007,1.0,0.0,150.0
P32_B02_Ctrl,PLATE_32,0,29.175502640466352,150.0,1.0,0.9369276208609234,150.0
P32_B02_Ctrl,PLATE_32,1,437.6494860190197,142.94921875,1.0,0.0,150.0
P32_B02_Ctrl,PLATE_32,1,850.8690791019103,144.9835651074589,1.0,0.12746247223597754,150.0
P32_B02_Ctrl,PLATE_32,1,755.9067584526815,136.50484094052558,1.0,0.0636426660394303,148.5
P32_B02_Ctrl,PLATE_32,1,499.30954667119465,132.13625304136252,1.0,0.3424329386933304,112.5
P32_B02_Ctrl,PLATE_32,1,155.9389342779294,148.5943396226415,1.0,0.0,150.0
P32_B02_Ctrl,PLATE_32,1,471.8394283527499,132.84813753581662,1.0,0.6597107827678201,133.0
P32_B02_Ctrl,PLATE_32,1,530.7924843148162,130.44981412639405,1.0,0.35836140833862495,123.0
P32_B02_Ctrl,PLATE_32,1,587.2057733521258,147.3921302578019,1.0,0.009754674862866342,150.0
P32_B02_Ctrl,PLATE_32,0,27.274588428711656,150.0,1.0,0.8693088894166425,150.0
P32_B02_Ctrl,PLATE_32,1,238.8514517748003,146.05769230769232,1.0,0.0,150.0
P32_B02_Ctrl,PLATE_32,1,359.2098906881634,140.70666666666668,1.0,0.9722641803296284,150.0
P32_B02_Ctrl,PLATE_32,0,181.6755889551745,139.6413043478261,1.0,0.0,149.25
P32_B02_Ctrl,PLATE_32,1,181.12017608894075,147.26168224299064,1.0,0.0,149.0
P32_B02_Ctrl,PLATE_32,1,169.27277807140086,150.0,1.0,0.0,150.0
P32_B02_Ctrl,PLATE_32,1,610.5029189902625,148.59760273972603,1.0,0.9985400300464613,150.0
P32_B02_Ctrl,PLATE_32,0,27.184439771220706,150.0,1.0,0.8957543840088588,150.0
P32_B02_Ctrl,PLATE_32,1,293.9545361518265,139.7174721189591,1.0,0.8380195346077247,150.0
P32_B02_Ctrl,PLATE_32,1,193.35949153693895,139.14141414141415,1.0,0.0,150.0
P32_B02_Ctrl,PLATE_32,1,323.6133133734371,145.04458598726114,1.0,0.0,150.0
P32_B02_Ctrl,PLATE_32,1,39.861644030365525,134.05882352941177,1.0,0.9911485114410756,129.0
P32_B02_Ctrl,PLATE_32,1,517.2942117652556,134.84870848708488,1.0,0.0,116.0
P32_B02_Ctrl,PLATE_32,1,329.40719064500183,143.09937888198758,1.0,0.0,150.0
P32_B02_Ctrl,PLATE_32,1,385.465820162047,145.30964467005077,1.0,0.0,150.0
P32_B02_Ctrl,PLATE_32,1,149.1927769094003,150.0,1.0,0.0,150.0
P32_B02_Ctrl,PLATE_32,1,113.25401842051645,150.0,1.0,0.7158335137290484,150.0
P32_B02_Ctrl,PLATE_32,1,439.74167811676807,146.57407407407408,1.0,0.0,150.0
P32_B02_Ctrl,PLATE_32,0,31.102392959770686,150.0,1.0,0.9284321875446548,150.0
P32_B02_Ctrl,PLATE_32,1,206.95160660462977,149.68275862068967,1.0,0.0,150.0
P32_B02_Ctrl,PLATE_32,0,32.63698711063556,150.0,1.0,0.10964955224082769,150.0
P32_B02_Ctrl,PLATE_32,1,194.14283058783417,132.77372262773721,1.0,0.0,119.0
P32_B02_Ctrl,PLATE_32,1,294.4924090776688,149.57823129251702,1.0,0.0,150.0
P32_B02_Ctrl,PLATE_32,1,290.4635512292248,140.15286624203821,1.0,0.0,131.0
P32_B02_Ctrl,PLATE_32,1,420.9611590258114,149.86847195357834,1.0,0.9337767570324254,150.0
P32_B02_Ctrl,PLATE_32,1,41.10432937136041,147.62745098039215,1.0,0.8162661567389919,150.0
P32_B02_Ctrl,PLATE_32,1,189.49239209808724,149.09375,1.0,0.0,150.0
P32_B02_Ctrl,PLATE_32,0,26.14154536946853,150.0,1.0,0.8933348672590532,150.0
P32_B02_Ctrl,PLATE_32,1,181.55436196628585,145.86666666666667,1.0,0.0,150.0
P32_B02_Ctrl,PLATE_32,1,624.5435086818285,144.59343434343435,1.0,0.0,150.0
P32_B02_Ctrl,PLATE_32,1,335.23448593749674,150.0,1.0,0.0,150.0
P32_B02_Ctrl,PLATE_32,1,555.3329370587091,123.37755102040816,0.9931972789115646,0.8486900842686258,110.0
P32_B02_Ctrl,PLATE_32,1,603.9306199001096,142.42105263157896,0.9968102073365231,0.013309739112966061,150.0
P32_B02_Ctrl,PLATE_32,1,556.7742458950648,149.94032549728752,1.0,0.45261762749262946,150.0
P32_B02_Ctrl,PLATE_32,1,243.56366750663796,150.0,1.0,0.0,150.0
P32_B02_Ctrl,PLATE_32,1,47.28270135161613,143.16666666666666,1.0,0.9950202517624221,150.0
P32_B02_Ctrl,PLATE_32,1,154.9655084489948,147.70886075949366,1.0,0.0,150.0
P32_B02_Ctrl,PLATE_32,1,607.7125443284824,150.0,1.0,0.27947311467682256,150.0
P32_B02_Ctrl,PLATE_32,1,664.9366818559978,145.7748538011696,1.0,0.0,150.0
P32_B02_Ctrl,PLATE_32,1,797.2816355472214,114.6684350132626,0.9787798408488063,0.9625308136146853,96.0
P32_B02_Ctrl,PLATE_32,0,28.310281008023328,150.0,1.0,0.9370717170716005,150.0
P32_B02_Ctrl,PLATE_32,1,510.9696736373613,146.30078125,1.0,0.0,150.0
P32_B02_Ctrl,PLATE_32,1,162.1060000223086,150.0,1.0,0.0,150.0
P32_B02_Ctrl,PLATE_32,1,205.32814511879644,149.1779359430605,1.0,0.9894973908870554,150.0
P32_B02_Ctrl,PLATE_32,1,207.78000076539303,148.66382978723405,1.0,0.9818508619230956,150.0
P32_B02_Ctrl,PLATE_32,0,30.045683795657514,148.02631578947367,1.0,0.9085913723776493,150.0
P32_B02_Ctrl,PLATE_32,1,858.3422400992546,140.73787409700722,1.0,0.020275550859762355,150.0
P32_B02_Ctrl,PLATE_32,1,222.9691079768726,147.3923076923077,1.0,0.9392142498783237,150.0
P32_B02_Ctrl,PLATE_32,0,662.2225069481835,135.4866310160428,0.982620320855615,0.37444094433486846,150.0
P32_B02_Ctrl,PLATE_32,0,37.43675349896024,150.0,1.0,0.9725545387154508,150.0
P32_B02_Ctrl,PLATE_32,1,55.30615331159108,134.35714285714286,1.0,0.9851197947237176,112.0
P32_B02_Ctrl,PLATE_32,0,258.04677422750217,149.64846416382252,1.0,0.5917797750077285,150.0
P32_B02_Ctrl,PLATE_32,1,346.1908173865411,148.98138297872342,1.0,0.9866506335108871,150.0
P32_B02_Ctrl,PLATE_32,1,128.1535725347659,149.42857142857142,1.0,0.0,150.0
P32_B02_Ctrl,PLATE_32,1,321.1974646410288,150.0,1.0,0.0,150.0
P32_B02_Ctrl,PLATE_32,1,396.1989817260293,144.8687150837989,0.9916201117318436,0.09624448156597029,150.0
P32_B02_Ctrl,PLATE_32,1,462.5175305575304,147.17293233082708,1.0,0.0,150.0
P32_B02_Ctrl,PLATE_32,1,772.2440443893972,141.65415244596133,1.0,0.12487657482294748,150.0
P32_B02_Ctrl,PLATE_32,1,125.98667501626882,150.0,1.0,0.0,150.0
P32_B02_Ctrl,PLATE_32,1,1583.7608466083652,145.54095904095905,0.9975024975024975,0.051507429239053555,150.0
P32_B02_Ctrl,PLATE_32,1,191.13368056337782,150.0,1.0,0.0,150.0
P32_B02_Ctrl,PLATE_32,1,143.53170123933387,150.0,1.0,0.0,150.0
P32_B02_Ctrl,PLATE_32,1,1598.70754815913,147.54768392370573,1.0,0.005247855035023197,150.0
P32_B02_Ctrl,PLATE_32,1,206.67387040572777,149.29710144927537,1.0,0.0,150.0
P32_B02_Ctrl,PLATE_32,1,799.3978063476134,137.98682284040996,1.0,0.5976117235686946,150.0
P32_B02_Ctrl,PLATE_32,1,393.0529329072692,134.79705882352943,1.0,0.5220234559415601,134.0
P32_B02_Ctrl,PLATE_32,1,764.893650559273,146.5096153846154,1.0,0.0,150.0
P32_B02_Ctrl,PLATE_32,1,201.4334246885927,150.0,1.0,0.9869891593165147,150.0
P32_B02_Ctrl,PLATE_32,1,304.9108730123879,131.8139534883721,1.0,0.0,117.0
P32_B02_Ctrl,PLATE_32,1,337.2037900213596,140.32579185520362,1.0,0.0,133.0
P32_B02_Ctrl,PLATE_32,1,302.49850292429204,118.28384279475982,1.0,0.46495872241794056,77.0
P32_B02_Ctrl,PLATE_32,1,366.6160620427561,145.19291338582678,1.0,0.0,150.0
P32_B02_Ctrl,PLATE_32,1,548.3487869000325,149.61888111888112,1.0,0.1455167077504282,150.0
P32_B02_Ctrl,PLATE_32,0,606.8085933518646,146.6747572815534,1.0,0.0,150.0
P32_B02_Ctrl,PLATE_32,1,230.29186122902706,150.0,1.0,0.0,150.0
P32_B02_Ctrl,PLATE_32,1,258.4026649143138,149.6015625,1.0,0.993145820660037,150.0
P32_B02_Ctrl,PLATE_32,1,32.086078237877565,150.0,1.0,0.9986391069939048,150.0
P32_B02_Ctrl,PLATE_32,1,283.0287066845427,150.0,1.0,0.0,150.0
P32_B02_Ctrl,PLATE_32,1,673.9528786165735,141.5965147453083,1.0,0.07093676501446171,148.0
P32_B02_Ctrl,PLATE_32,1,353.12817003190014,150.0,1.0,0.0,150.0
P32_B02_Ctrl,PLATE_32,0,35.42944470259541,150.0,1.0,0.8529330049712945,150.0
P32_B02_Ctrl,PLATE_32,0,35.92652837348604,149.5625,1.0,0.9270137445752731,150.0
P32_B02_Ctrl,PLATE_32,1,238.11244693099655,150.0,1.0,0.0,150.0
P32_B02_Ctrl,PLATE_32,1,1090.0991538557125,133.5010752688172,0.9591397849462365,0.0987588415801271,150.0
P32_B02_Ctrl,PLATE_32,1,814.470758193353,148.39171374764595,1.0,0.0,150.0
P32_B02_Ctrl,PLATE_32,1,372.35844726889036,145.1755319148936,1.0,0.0,150.0
P32_B02_Ctrl,PLATE_32,1,229.10386828092282,142.6,1.0,0.0,146.0
P32_B02_Ctrl,PLATE_32,1,270.4836752674338,139.9111111111111,1.0,0.0,136.0
P32_B02_Ctrl,PLATE_32,0,31.5045647642617,150.0,1.0,0.9018862491753702,150.0
P32_B02_Ctrl,PLATE_32,1,513.7502979020737,142.0808823529412,1.0,0.0,150.0
P32_B02_Ctrl,PLATE_32,1,323.76378581385995,149.48648648648648,1.0,0.0,150.0
P32_B02_Ctrl,PLATE_32,1,258.54688745104033,149.9364640883978,1.0,0.9900232000287705,150.0
P32_B02_Ctrl,PLATE_32,1,289.4669059724978,150.0,1.0,0.01076186805433721,150.0
P32_B02_Ctrl,PLATE_32,1,385.33125248161275,142.88931297709922,1.0,0.0,150.0
P32_B02_Ctrl,PLATE_32,1,822.69614987909,130.85809682804674,1.0,0.2075225810643541,117.0
P32_B02_Ctrl,PLATE_32,1,743.7963404258725,134.69347496206373,1.0,0.3156895281741257,133.5
P32_B02_Ctrl,PLATE_32,1,796.4251707448519,140.26817042606515,1.0,0.0,150.0
P32_B02_Ctrl,PLATE_32,1,164.13873173866168,133.91346153846155,1.0,0.0,108.0
P32_B02_Ctrl,PLATE_32,1,377.62583103508746,150.0,1.0,0.06058880354467404,150.0
P32_B02_Ctrl,PLATE_32,1,621.3202617851698,136.25710594315245,1.0,0.07309091077417049,125.0
P32_B02_Ctrl,PLATE_32,1,292.3586017537383,149.32631578947368,1.0,0.0,150.0
P32_B02_Ctrl,PLATE_32,1,249.04155808322054,150.0,1.0,0.0,150.0
P32_B02_Ctrl,PLATE_32,1,327.91048886575265,150.0,1.0,0.9782956400507004,150.0
P32_B02_Ctrl,PLATE_32,1,220.97100338456949,149.85855263157896,1.0,0.9905178779159377,150.0
P32_B02_Ctrl,PLATE_32,1,252.38537956598594,150.0,1.0,0.0,150.0
P32_B02_Ctrl,PLATE_32,1,359.468778633533,135.71428571428572,1.0,0.0,131.0
P32_B02_Ctrl,PLATE_32,1,746.3048739452663,141.79175704989154,1.0,0.0,150.0
P32_B02_Ctrl,PLATE_32,1,217.47929372556916,117.59285714285714,1.0,0.9332213662724265,88.0
P32_B02_Ctrl,PLATE_32,1,282.29084004283936,149.75539568345323,1.0,0.0,150.0
P32_B02_Ctrl,PLATE_32,1,1244.2254639298276,145.5740181268882,1.0,0.0,150.0
P32_B02_Ctrl,PLATE_32,1,487.54063455355003,148.07669616519175,1.0,0.0,150.0
P32_B02_Ctrl,PLATE_32,1,453.5679732393982,139.78169014084506,1.0,0.450519271430672,150.0
P32_B02_Ctrl,PLATE_32,1,400.45690263995255,143.23931623931625,1.0,0.0,150.0
P32_B02_Ctrl,PLATE_32,1,598.2193979265523,135.8752052545156,1.0,0.21420504372316895,150.0
P32_B02_Ctrl,PLATE_32,0,32.91225977342759,150.0,1.0,0.9678008102203475,150.0
P32_B02_Ctrl,PLATE_32,1,320.69337242013455,149.67741935483872,1.0,0.0,150.0
P32_B02_Ctrl,PLATE_32,1,182.68720972920173,150.0,1.0,0.0,150.0
P32_B02_Ctrl,PLATE_32,1,341.02994598956343,149.73410404624278,1.0,0.0,150.0
P32_B02_Ctrl,PLATE_32,1,144.68122522946558,150.0,1.0,0.0,150.0
P32_B02_Ctrl,PLATE_32,0,40.471049355742686,150.0,1.0,0.9498945266882558,150.0
P32_B02_Ctrl,PLATE_32,1,525.7128413030699,145.98679867986797,1.0,0.0,150.0
P32_B02_Ctrl,PLATE_32,1,900.1016406708763,132.36923076923077,1.0,0.16266701572017647,112.0
P32_B02_Ctrl,PLATE_32,1,188.65166065747047,150.0,1.0,0.0,150.0
P32_B02_Ctrl,PLATE_32,1,203.28544855797674,150.0,1.0,0.0,150.0
P32_B02_Ctrl,PLATE_32,1,567.7975963355889,148.3,1.0,0.0,150.0
P32_B02_Ctrl,PLATE_32,1,460.85856392579785,138.26470588235293,1.0,0.0,129.0
P32_B02_Ctrl,PLATE_32,1,189.9042220424583,145.36220472440945,1.0,0.0,148.0
P32_B02_Ctrl,PLATE_32,0,26.19522060948381,150.0,1.0,0.8831110090254399,150.0
P32_B02_Ctrl,PLATE_32,1,691.603469329116,141.1767441860465,0.9953488372093023,0.04103905099040644,150.0
P32_B02_Ctrl,PLATE_32,0,37.12570262326762,148.9777777777778,1.0,0.852237592020229,150.0
P32_B02_Ctrl,PLATE_32,1,1411.374638792443,145.93655172413793,0.9868965517241379,0.0388795250387143,150.0
P32_B02_Ctrl,PLATE_32,1,269.9448804985914,149.83152173913044,1.0,0.0,150.0
P32_B02_Ctrl,PLATE_32,1,364.739195327347,149.1900826446281,1.0,0.9891849716374008,150.0
P32_B02_Ctrl,PLATE_32,1,155.6609558518004,118.30188679245283,1.0,0.7208465060610717,79.75
P32_B02_Ctrl,PLATE_32,1,43.32040385469696,137.76666666666668,1.0,0.9712359919087491,144.75
P32_B02_Ctrl,PLATE_32,0,35.7926912611829,150.0,1.0,0.8402228149069412,150.0
P32_B02_Ctrl,PLATE_32,1,589.816892102925,137.493265993266,1.0,0.09205211266018379,126.0
P32_B02_Ctrl,PLATE_32,1,429.0456070810484,146.07511737089203,1.0,0.0,150.0
P32_B02_Ctrl,PLATE_32,0,40.55315217214633,150.0,1.0,0.9505198722137828,150.0
P32_B02_Ctrl,PLATE_32,1,1821.8400767974545,139.51154929577464,1.0,0.052215859302587646,150.0
P32_B02_Ctrl,PLATE_32,0,28.723552266777855,150.0,1.0,0.9248883197863151,150.0
P32_B02_Ctrl,PLATE_32,1,53.90064102666235,150.0,1.0,0.9749608225416636,150.0
P32_B02_Ctrl,PLATE_32,1,420.3648044254399,147.5785123966942,1.0,0.0,150.0
P32_B02_Ctrl,PLATE_32,1,449.03243091745776,145.49264705882354,1.0,0.0,150.0
P32_B02_Ctrl,PLATE_32,1,144.4171727178977,135.5,1.0,0.0,122.0
P32_B02_Ctrl,PLATE_32,1,273.22376060183626,150.0,1.0,0.0,150.0
P32_B02_Ctrl,PLATE_32,1,352.91823887528443,138.94767441860466,1.0,0.0,135.0
P32_B02_Ctrl,PLATE_32,1,938.8849174765103,120.55761024182077,0.9800853485064012,0.4336785733328345,92.0
P32_B02_Ctrl,PLATE_32,1,57.190657708238795,150.0,1.0,0.998700635041374,150.0
P32_B02_Ctrl,PLATE_32,1,187.33224404144937,149.07291666666666,1.0,0.0,150.0
P32_B02_Ctrl,PLATE_32,1,376.1799922217024,146.7015503875969,1.0,0.0,150.0
P32_B02_Ctrl,PLATE_32,1,155.19715945824322,139.02409638554218,1.0,0.0,131.0
P32_B02_Ctrl,PLATE_32,1,533.6601085107714,126.54738562091504,1.0,0.16455369637481232,106.0
P32_B02_Ctrl,PLATE_32,1,642.9877670201231,145.13815789473685,1.0,0.0,150.0
P32_B02_Ctrl,PLATE_32,1,304.7482196822553,142.49532710280374,1.0,0.0,141.0
P32_B02_Ctrl,PLATE_32,1,189.15133681382352,145.512,1.0,0.0,150.0
P32_B02_Ctrl,PLATE_32,1,388.6195380890911,148.58527131782947,1.0,0.31789854706730986,150.0
P32_B02_Ctrl,PLATE_32,1,156.05752850579808,149.11428571428573,1.0,0.0,150.0
P32_B02_Ctrl,PLATE_32,1,329.3230033047478,150.0,1.0,0.982067930855202,150.0
P32_B02_Ctrl,PLATE_32,1,242.3960970674175,150.0,1.0,0.992229182246782,150.0
P32_B02_Ctrl,PLATE_32,0,42.848920265060336,148.51612903225808,1.0,0.08842443718725768,150.0
P32_B02_Ctrl,PLATE_32,1,464.5615635727538,149.21576763485479,1.0,0.9767160014640385,150.0
P32_B02_Ctrl,PLATE_32,1,425.02957678238846,149.82489451476792,1.0,0.985612151965009,150.0
P32_B02_Ctrl,PLATE_32,1,597.8359179437446,141.18324607329842,1.0,0.0,150.0
P32_B02_Ctrl,PLATE_32,1,345.35818184450136,144.5174418604651,1.0,0.0,149.0
P32_B02_Ctrl,PLATE_32,0,54.383281034539564,149.58695652173913,1.0,0.051436477244443904,150.0
P32_B02_Ctrl,PLATE_32,1,382.45260970715344,145.78280542986425,1.0,0.0,150.0
P32_B02_Ctrl,PLATE_32,1,271.7264197241415,149.53333333333333,1.0,0.0,150.0
P32_B02_Ctrl,PLATE_32,1,207.13446278596413,150.0,1.0,0.0,150.0
P32_B02_Ctrl,PLATE_32,1,354.5367250640485,139.6525198938992,0.9946949602122016,0.9824608249511788,150.0
P32_B02_Ctrl,PLATE_32,1,349.37998461557186,148.90173410404626,1.0,0.0,150.0
P32_B02_Ctrl,PLATE_32,0,27.222965565317566,150.0,1.0,0.9019174413873908,150.0
P32_B02_Ctrl,PLATE_32,1,242.17998400855163,149.82905982905982,1.0,0.0,150.0
P32_B02_Ctrl,PLATE_32,1,261.5892720504021,129.5205479452055,1.0,0.883085684133619,116.5
P32_B02_Ctrl,PLATE_32,1,262.75660370465255,149.60344827586206,1.0,0.0,150.0
P32_B02_Ctrl,PLATE_32,1,307.8545599043913,147.48657718120805,1.0,0.43068260271020115,150.0
P32_B02_Ctrl,PLATE_32,1,392.4196638168006,140.5273631840796,1.0,0.0,139.0
P32_B02_Ctrl,PLATE_32,0,41.539914727091926,150.0,1.0,0.9883849869001631,150.0
P32_B02_Ctrl,PLATE_32,1,174.21939837576002,126.40178571428571,1.0,0.0,101.5
P32_B02_Ctrl,PLATE_32,1,220.54160470163407,149.4867256637168,1.0,0.0,150.0
P32_B02_Ctrl,PLATE_32,1,70.13728390971742,150.0,1.0,0.988535476202147,150.0
P32_B02_Ctrl,PLATE_32,1,510.7695993388431,140.49407114624506,1.0,0.0,133.0
P32_B02_Ctrl,PLATE_32,1,210.72904223262907,148.34513274336283,1.0,0.0,150.0
P32_B02_Ctrl,PLATE_32,1,336.4884087712221,148.92215568862275,1.0,0.0,150.0
P32_B02_Ctrl,PLATE_32,1,124.39306262273804,149.1341463414634,1.0,0.0,150.0
P32_B02_Ctrl,PLATE_32,1,197.45290343863144,149.8426966292135,1.0,0.9869573412821391,150.0
P32_B02_Ctrl,PLATE_32,1,218.49161250668647,148.85267857142858,1.0,0.9767461264706547,150.0
P32_B02_Ctrl,PLATE_32,1,366.6160525188682,120.4575,1.0,0.2449191558975784,97.0
P32_B02_Ctrl,PLATE_32,1,274.763968101929,135.32876712328766,1.0,0.0,107.0
P32_B02_Ctrl,PLATE_32,1,424.79699446171753,134.83035714285714,1.0,0.9072182246588476,124.25
P32_B02_Ctrl,PLATE_32,1,153.8449351318091,149.30693069306932,1.0,0.0,150.0
P32_B02_Ctrl,PLATE_32,1,702.8121475857188,146.6704871060172,1.0,0.0,150.0
P32_B02_Ctrl,PLATE_32,0,29.90431806677854,148.88,1.0,0.2704724445620237,150.0
P32_B02_Ctrl,PLATE_32,1,717.3707850058372,145.8369905956113,1.0,0.6914540415635066,150.0
P32_B02_Ctrl,PLATE_32,1,323.51440971475256,150.0,1.0,0.0,150.0
P32_B02_Ctrl,PLATE_32,1,407.8585054238607,146.5888888888889,1.0,0.0,150.0
P32_B02_Ctrl,PLATE_32,1,430.46515803247917,140.45090909090908,1.0,0.0,140.0
P32_B02_Ctrl,PLATE_32,1,484.90444607311224,150.0,1.0,0.984281291616124,150.0
P32_B02_Ctrl,PLATE_32,1,277.3726299368144,150.0,1.0,0.691591272387216,150.0
P32_B02_Ctrl,PLATE_32,1,331.23070518008075,148.93167701863354,1.0,0.0,150.0
P32_B02_Ctrl,PLATE_32,1,214.05727165498018,150.0,1.0,0.0,150.0
P32_B02_Ctrl,PLATE_32,1,226.60341709410847,141.32432432432432,1.0,0.0,150.0
P32_B02_Ctrl,PLATE_32,1,48.028188297884526,150.0,1.0,0.0,150.0
P32_B02_Ctrl,PLATE_32,1,41.32538660562284,149.19642857142858,1.0,0.9671602179175579,150.0
P32_B02_Ctrl,PLATE_32,1,166.03837634065974,113.76623376623377,1.0,0.9659072967319104,106.0
P32_B02_Ctrl,PLATE_32,1,815.9558613118118,136.87875288683603,1.0,0.18850631707905233,133.0
P32_B02_Ctrl,PLATE_32,1,105.84559951482535,146.8125,1.0,0.9775084688605036,150.0
P32_B02_Ctrl,PLATE_32,1,100.70914146908973,119.97872340425532,1.0,0.9861832867869724,97.5
P32_B02_Ctrl,PLATE_32,1,114.55770411923038,92.4,1.0,0.9700443580382692,70.0
P32_B02_Ctrl,PLATE_32,1,103.70195687714296,101.6470588235294,1.0,0.9876448248116865,67.5
P32_B02_Ctrl,PLATE_32,1,111.3360213042066,111.28301886792453,1.0,0.5147138765718802,82.0
P32_B02_Ctrl,PLATE_32,0,411.0,35.65217391304348,1.0,1.0,31.0
P32_B02_Ctrl,PLATE_32,1,97.35797919222512,109.25,1.0,0.9939907432569992,77.0
P32_B02_Ctrl,PLATE_32,1,129.6716336826408,106.48387096774194,1.0,0.9883430364841607,67.25
P32_B02_Ctrl,PLATE_32,1,112.91591847760547,135.73584905660377,1.0,0.9919280266843781,150.0
P32_B02_Ctrl,PLATE_32,1,173.46889433030347,78.95,1.0,0.9840298192158189,51.25
P32_B02_Ctrl,PLATE_32,1,475.0141703039452,85.97356828193833,1.0,0.9753168545495491,59.5
P32_B02_Ctrl,PLATE_32,1,329.6931546300041,140.609756097561,1.0,0.49293706480258365,150.0
P32_B02_Ctrl,PLATE_32,1,136.9729426519196,100.63076923076923,1.0,0.8177123308314617,59.0
P32_B02_Ctrl,PLATE_32,1,81.3355133273294,66.34210526315789,1.0,0.9412514294167366,56.0
P32_B02_Ctrl,PLATE_32,1,124.38648164446425,106.57894736842105,1.0,0.8706774756836924,62.0
P32_B02_Ctrl,PLATE_32,1,102.10417153597676,118.95454545454545,1.0,0.9066651547693726,91.5
P32_B02_Ctrl,PLATE_32,1,134.16420263963468,96.93846153846154,1.0,0.9880667858491181,55.0
P32_B02_Ctrl,PLATE_32,0,91.51925737893029,84.42222222222222,1.0,0.9798724492975078,72.0
P32_B02_Ctrl,PLATE_32,0,288.68311233526583,81.18571428571428,1.0,0.9885534815754903,49.75
P32_B02_Ctrl,PLATE_32,1,145.4959793949975,119.73611111111111,1.0,0.9837818149742252,82.5
P32_B02_Ctrl,PLATE_32,1,145.64833779497962,99.4,1.0,0.9069424685925459,63.75
P32_B02_Ctrl,PLATE_32,1,101.31503139283669,117.85714285714286,1.0,0.9775488832932298,64.0
P32_B02_Ctrl,PLATE_32,1,962.0872124616976,132.45,1.0,0.979282849964729,117.0
P32_B02_Ctrl,PLATE_32,1,97.12494621391556,49.11363636363637,1.0,0.8567992892596665,44.75
P32_B02_Ctrl,PLATE_32,1,136.5053015832897,145.51470588235293,1.0,0.9852756744214316,150.0
P32_B02_Ctrl,PLATE_32,1,202.95347188731142,126.24752475247524,1.0,0.9950580648059132,100.0
P32_B02_Ctrl,PLATE_32,1,383.68861751167054,92.54069767441861,1.0,0.5753034895274866,68.0
P32_B02_Ctrl,PLATE_32,0,82.47254233045359,53.97560975609756,1.0,0.9827436548161369,47.0
P32_B02_Ctrl,PLATE_32,1,201.33255553832407,98.3298969072165,1.0,0.9842123147966233,64.0
P32_B02_Ctrl,PLATE_32,1,219.26088244910545,95.40384615384616,1.0,0.940283580922562,66.0
P32_B02_Ctrl,PLATE_32,1,314.7415412768695,124.17105263157895,1.0,0.994608858967509,98.5
P32_B02_Ctrl,PLATE_32,1,100.66788570144357,113.35416666666667,1.0,0.9963906124513685,94.25
P32_B02_Ctrl,PLATE_32,1,107.22632375328449,58.54716981132076,1.0,0.39840980489904265,47.0
P32_B02_Ctrl,PLATE_32,1,98.55611189950645,87.74468085106383,1.0,0.9979229991134474,69.5
P32_B02_Ctrl,PLATE_32,1,139.08266954773492,144.8923076923077,1.0,0.9856290244594523,150.0
P32_B02_Ctrl,PLATE_32,1,236.13719194395955,124.44144144144144,1.0,0.13656904584876908,102.0
P32_B02_Ctrl,PLATE_32,1,159.29084495205984,126.3970588235294,1.0,0.9812904708996096,103.0
P32_B02_Ctrl,PLATE_32,0,89.35678837339083,70.04545454545455,1.0,0.9759376171632942,52.5
P32_B02_Ctrl,PLATE_32,1,80.4584763596736,115.85714285714286,1.0,0.24888595087213786,85.0
P32_B02_Ctrl,PLATE_32,1,135.9546273586727,128.01724137931035,1.0,0.9886920615195802,102.25
P32_B02_Ctrl,PLATE_32,1,244.63527219381135,145.75,1.0,0.9865214250452954,150.0
P32_B02_Ctrl,PLATE_32,1,173.73833688077764,102.64102564102564,1.0,0.9867263922305199,70.75
P32_B02_Ctrl,PLATE_32,1,118.58003811339519,107.0677966101695,1.0,0.978823644139677,72.5
P32_B02_Ctrl,PLATE_32,1,202.1161354418873,114.4659090909091,1.0,0.979984571826472,74.0
P32_B02_Ctrl,PLATE_32,1,100.3076182514913,128.9387755102041,1.0,0.9778080707290209,112.0
P32_B02_Ctrl,PLATE_32,1,131.69187710978267,111.58064516129032,1.0,0.9596972664222666,65.5
P32_B02_Ctrl,PLATE_32,1,261.1105258272146,114.16666666666667,1.0,0.9905039655866944,72.0
P32_B02_Ctrl,PLATE_32,1,106.71248091903688,134.37735849056602,1.0,0.9846661041752844,149.0
P32_B02_Ctrl,PLATE_32,1,120.50949519649186,102.03333333333333,1.0,0.979492356518142,70.0
P32_B02_Ctrl,PLATE_32,1,312.2891303412007,129.3469387755102,1.0,0.9766957782383198,114.0
P32_B02_Ctrl,PLATE_32,1,272.2525196816993,129.98305084745763,1.0,0.9928004873649965,114.0
P32_B02_Ctrl,PLATE_32,1,125.77832242682777,54.306451612903224,1.0,0.9870469052849319,45.0
P32_B02_Ctrl,PLATE_32,1,101.48960506975467,133.26,1.0,0.9866026726663452,135.5
P32_B02_Ctrl,PLATE_32,1,402.45186540623246,110.41326530612245,1.0,0.743573151353705,74.25
P32_B02_Ctrl,PLATE_32,0,542.4383786328584,122.0919540229885,1.0,0.8076354351981122,101.0
P32_B02_Ctrl,PLATE_32,1,167.23657896746965,89.35802469135803,1.0,0.9568219179385439,68.0
P32_B02_Ctrl,PLATE_32,1,395.0766123226418,132.41176470588235,1.0,0.5415227178309278,119.0
P32_B02_Ctrl,PLATE_32,1,135.44115248067914,136.55,1.0,0.9742013902250893,129.0
P32_B02_Ctrl,PLATE_32,1,342.62890266178755,108.09756097560975,1.0,0.6875292723160161,66.25
P32_B02_Ctrl,PLATE_32,1,237.8793364321579,116.27777777777777,1.0,0.9833056755616403,78.5
P32_B02_Ctrl,PLATE_32,1,465.8483078952443,97.21860465116279,1.0,0.9661633192520978,63.0
P32_B02_Ctrl,PLATE_32,1,581.9605406340972,132.64285714285714,1.0,0.5610286807255753,120.5
P32_B02_Ctrl,PLATE_32,0,82.08490064573712,49.810810810810814,1.0,0.778537596219904,42.0
P32_B02_Ctrl,PLATE_32,1,145.91442065985945,126.828125,1.0,0.9837575858745135,104.0
P32_B02_Ctrl,PLATE_32,1,104.46399845223243,73.15686274509804,1.0,0.8813622533112387,52.0
P32_B02_Ctrl,PLATE_32,0,127.81679973294462,129.76363636363635,1.0,0.7254133167302954,99.5
P32_B02_Ctrl,PLATE_32,1,133.3316144382192,69.328125,1.0,0.9150117960697923,54.0
P32_B02_Ctrl,PLATE_32,1,342.6879727294137,117.17006802721089,1.0,0.7745360500565884,92.0
P32_B02_Ctrl,PLATE_32,1,433.85181117594067,99.42325581395349,1.0,0.5878306003336183,72.5
P32_B02_Ctrl,PLATE_32,1,456.24263209478266,126.02518891687657,1.0,0.5501685588382954,106.0
P32_B02_Ctrl,PLATE_32,0,321.41196594185186,98.62666666666667,1.0,0.0884389625128218,69.25
P32_B02_Ctrl,PLATE_32,1,318.75926633645946,131.18794326241135,1.0,0.3254546257770702,115.0
P32_B02_Ctrl,PLATE_32,1,141.39008749645023,102.47619047619048,1.0,0.7286183739604534,63.0
P32_B02_Ctrl,PLATE_32,0,267.3961364298601,119.38842975206612,1.0,0.8732342500720055,93.0
P32_B02_Ctrl,PLATE_32,1,316.4232773589569,76.5251798561151,1.0,0.7279522967123546,52.5
P32_B02_Ctrl,PLATE_32,1,93.72796040436268,71.22727272727273,1.0,0.9341470376785745,50.75
P32_B02_Ctrl,PLATE_32,1,88.5407993682558,91.48717948717949,1.0,0.9147627704195401,70.0
P32_B02_Ctrl,PLATE_32,0,324.12103872797206,116.65467625899281,1.0,0.872917994235358,86.0
P32_B02_Ctrl,PLATE_32,0,246.33876708920477,120.5137614678899,1.0,0.8581873954282339,93.0
P32_B02_Ctrl,PLATE_32,0,278.8792645205996,93.64341085271317,1.0,0.5706914557891274,75.0
P32_B02_Ctrl,PLATE_32,1,149.02324481589739,71.10810810810811,1.0,0.9863319920978229,55.0
P32_B02_Ctrl,PLATE_32,1,84.71413315052143,145.64864864864865,1.0,0.9960568479050367,150.0
P32_B02_Ctrl,PLATE_32,1,91.27047101239486,72.775,1.0,0.9151748352400074,62.0
P32_B02_Ctrl,PLATE_32,1,105.56925316398136,72.8913043478261,1.0,0.9782803729973519,52.0
P32_B02_Ctrl,PLATE_32,1,140.0501451828302,122.8,1.0,0.9914480237090195,90.0
P32_B02_Ctrl,PLATE_32,1,106.96954801582783,61.254901960784316,1.0,0.9733622780157596,48.0
P32_B02_Ctrl,PLATE_32,1,358.0280175234019,113.92105263157895,1.0,0.2769516272380642,93.0
P32_B02_Ctrl,PLATE_32,1,1076.92870975715,144.24011299435028,1.0,0.15802555331872478,150.0
P32_B02_Ctrl,PLATE_32,1,492.786389069145,129.60093896713616,1.0,0.6597646786501901,108.0
P32_B02_Ctrl,PLATE_32,1,106.73665097549807,115.06382978723404,1.0,0.7120944677202505,77.0
P32_B02_Ctrl,PLATE_32,1,80.82698554819359,98.2051282051282,1.0,0.9937812472815645,73.5
P32_B02_Ctrl,PLATE_32,1,144.74815014500976,66.08955223880596,1.0,0.9788956244487569,54.5
P32_B02_Ctrl,PLATE_32,1,171.8989732357091,102.4578313253012,1.0,0.9924543033102702,67.5
P32_B02_Ctrl,PLATE_32,1,386.6539839504734,94.1711229946524,1.0,0.9780560655387679,55.0
P32_B02_Ctrl,PLATE_32,1,107.86129357198617,147.62,1.0,0.9921880816777948,150.0
P32_B02_Ctrl,PLATE_32,1,190.40615369405586,135.44444444444446,1.0,0.9802135317503273,124.0
P32_B02_Ctrl,PLATE_32,1,204.3081442261121,98.37078651685393,1.0,0.9818580456881065,82.0
P32_B02_Ctrl,PLATE_32,1,193.70064578900755,125.08641975308642,1.0,0.9739826679348252,109.0
P32_B02_Ctrl,PLATE_32,1,208.49766695418626,89.95145631067962,1.0,0.8444747175111007,61.0
P32_B02_Ctrl,PLATE_32,1,196.74833258902484,68.84375,1.0,0.9559813951437706,51.75
P32_B02_Ctrl,PLATE_32,0,83.04338199902531,112.17948717948718,1.0,0.9598080760353933,78.5
P32_B02_Ctrl,PLATE_32,1,363.7603311483559,74.35393258426966,1.0,0.9482832310282316,53.0
P32_B02_Ctrl,PLATE_32,1,462.8432594144912,108.90186915887851,1.0,0.26415424927930903,71.25
P32_B02_Ctrl,PLATE_32,1,498.46410990580205,109.95,1.0,0.7885137385966942,69.0
P32_B02_Ctrl,PLATE_32,1,187.7116790972729,80.87096774193549,1.0,0.9178462057492577,59.0
P32_B02_Ctrl,PLATE_32,1,89.29427772285442,44.78048780487805,1.0,0.9567055663056135,40.0
P32_B02_Ctrl,PLATE_32,1,280.7872884273595,80.21323529411765,1.0,0.8915779808097198,66.5
P32_B02_Ctrl,PLATE_32,1,160.23757790532838,97.8108108108108,1.0,0.9546894334797812,75.75
P32_B02_Ctrl,PLATE_32,1,118.5490993886019,55.839285714285715,1.0,0.9737228237201652,43.0
P32_B02_Ctrl,PLATE_32,1,167.1001577994383,61.29113924050633,1.0,0.9366739779911393,48.0
P32_B02_Ctrl,PLATE_32,1,114.23392735383338,122.46428571428571,1.0,0.9787232345490892,113.75
P32_B02_Ctrl,PLATE_32,1,90.11355738392464,74.22727272727273,1.0,0.9938575096826241,49.0
P32_B02_Ctrl,PLATE_32,1,255.15979595441922,80.40336134453781,1.0,0.9720189638150645,50.0
P32_B02_Ctrl,PLATE_32,1,330.8869187176206,77.27702702702703,1.0,0.9368759611332792,52.75
P32_B02_Ctrl,PLATE_32,1,320.4497401805178,90.27659574468085,1.0,0.9708119840943109,57.0
P32_B02_Ctrl,PLATE_32,1,152.15189843486533,73.83561643835617,1.0,0.9748635556224561,65.0
P32_B02_Ctrl,PLATE_32,1,246.81327931236137,85.17241379310344,1.0,0.9934797567940413,68.0
P32_B02_Ctrl,PLATE_32,1,194.87134017131115,121.23157894736842,1.0,0.9944302955666701,86.0
P32_B02_Ctrl,PLATE_32,1,1167.0035477724998,134.47689768976898,1.0,0.13699907932455824,140.0
P32_B02_Ctrl,PLATE_32,1,182.58243275161516,65.17045454545455,1.0,0.9930865533038797,52.5
P32_B02_Ctrl,PLATE_32,1,234.55550918297175,69.34545454545454,1.0,0.974031435210517,56.0
P32_B02_Ctrl,PLATE_32,1,108.3618449748193,113.01886792452831,1.0,0.9849713479667399,86.0
P32_B02_Ctrl,PLATE_32,1,280.6922777773451,84.3360655737705,1.0,0.9638385873317447,53.0
P32_B02_Ctrl,PLATE_32,1,285.1081459469309,84.08450704225352,1.0,0.989403039035616,69.0
P32_B02_Ctrl,PLATE_32,1,129.42406786567628,100.53125,1.0,0.9910471218669533,88.25
P32_B02_Ctrl,PLATE_32,1,148.31715610845262,103.14285714285714,1.0,0.9830137593083961,78.25
P32_B02_Ctrl,PLATE_32,1,167.343682376216,115.5375,1.0,0.9519614792305242,95.25
P32_B02_Ctrl,PLATE_32,1,537.5438149272175,131.60406091370558,1.0,0.28393785089658014,111.0
P32_B02_Ctrl,PLATE_32,1,106.70580205263414,121.26086956521739,1.0,0.8161871594972193,86.0
P32_B02_Ctrl,PLATE_32,1,815.0067437616049,103.83812010443864,1.0,0.3642819382959409,77.0
P32_B02_Ctrl,PLATE_32,1,100.37603573399426,132.2888888888889,1.0,0.9722538101491865,142.0
P32_B02_Ctrl,PLATE_32,1,171.30390212274165,144.15662650602408,1.0,0.9529746558614608,150.0
P32_B02_Ctrl,PLATE_32,1,183.58175503532692,80.26923076923077,1.0,0.9905006072711031,57.5
P32_B02_Ctrl,PLATE_32,1,521.0195442489626,81.17355371900827,1.0,0.49981820490768347,54.0
P32_B02_Ctrl,PLATE_32,1,171.93621837212413,125.79518072289157,1.0,0.967679101002316,107.0
P32_B02_Ctrl,PLATE_32,1,208.70964837493955,88.91111111111111,1.0,0.9211976658509405,59.0
P32_B02_Ctrl,PLATE_32,1,133.01324171200122,92.36363636363636,1.0,0.9792240110843233,66.0
P32_B02_Ctrl,PLATE_32,1,170.6626456382689,134.26829268292684,1.0,0.9556037663874563,120.0
P32_B02_Ctrl,PLATE_32,1,217.4205587830438,87.78,1.0,0.8366829139240224,58.0
P32_B02_Ctrl,PLATE_32,1,125.31900370612215,108.76785714285714,1.0,0.9896356975706442,68.75
P32_B02_Ctrl,PLATE_32,1,208.8361371465401,87.18947368421053,1.0,0.9012710220190927,53.5
P32_B02_Ctrl,PLATE_32,1,86.30758797249797,101.72222222222223,1.0,0.9967055584711474,67.5
P32_B02_Ctrl,PLATE_32,1,237.4214373338506,136.91071428571428,1.0,0.9764116260052159,128.0
P32_B02_Ctrl,PLATE_32,1,126.5232846894136,134.21818181818182,1.0,0.973020163634749,121.0
P32_B02_Ctrl,PLATE_32,1,97.8435841498684,93.88888888888889,1.0,0.8959619839916746,85.0
P32_B02_Ctrl,PLATE_32,1,281.7624781406889,55.6,1.0,0.9772310903530768,42.5
P32_B02_Ctrl,PLATE_32,1,87.59032948833682,126.46153846153847,1.0,0.40023934709121367,109.0
P32_B02_Ctrl,PLATE_32,1,89.05147366708712,103.64444444444445,1.0,0.993347178009302,88.0
P32_B02_Ctrl,PLATE_32,1,146.00938022747715,59.796875,1.0,0.9426600130638758,45.75
P32_B02_Ctrl,PLATE_32,1,374.6810648323042,150.0,1.0,0.031989228547876274,150.0
P32_B02_Ctrl,PLATE_32,1,332.68793482484216,138.1890243902439,1.0,0.9879320992987154,127.0
P32_B02_Ctrl,PLATE_32,1,241.50400745198763,129.4513274336283,1.0,0.9744861229114371,105.0
P32_B02_Ctrl,PLATE_32,0,219.52888626984966,76.7578947368421,1.0,0.204984413507592,64.0
P32_B02_Ctrl,PLATE_32,1,439.5405501974459,123.35514018691589,1.0,0.9735872356335756,95.0
P32_B02_Ctrl,PLATE_32,1,103.35898055676661,77.3913043478261,1.0,0.9580222195111391,53.0
P32_B02_Ctrl,PLATE_32,1,126.21045980021101,138.12280701754386,1.0,0.9317176797775694,124.0
P32_B02_Ctrl,PLATE_32,0,531.6605132444568,49.973076923076924,1.0,0.9555858094434753,34.0
P32_C02_ACT104_FGFR,PLATE_32,0,30.116491439380187,150.0,1.0,0.9630251772379729,150.0
P32_C02_ACT104_FGFR,PLATE_32,1,534.8626718563862,140.36141304347825,1.0,0.0,133.0
P32_C02_ACT104_FGFR,PLATE_32,1,144.09981153195025,145.59405940594058,1.0,0.0,150.0
P32_C02_ACT104_FGFR,PLATE_32,1,656.6823262624838,147.0162162162162,1.0,0.6215103053491462,150.0
P32_C02_ACT104_FGFR,PLATE_32,0,51.87371294277101,147.26923076923077,1.0,0.9919788715605097,150.0
P32_C02_ACT104_FGFR,PLATE_32,0,615.8109022190148,128.7483870967742,1.0,0.3683505065546683,114.0
P32_C02_ACT104_FGFR,PLATE_32,0,31.294109596891605,150.0,1.0,0.9593190117677626,150.0
P32_C02_ACT104_FGFR,PLATE_32,1,57.00327961607327,149.75675675675674,1.0,0.9728379835003721,150.0
P32_C02_ACT104_FGFR,PLATE_32,1,230.53089759461113,144.94117647058823,1.0,0.0,150.0
P32_C02_ACT104_FGFR,PLATE_32,1,145.66459402041647,138.48837209302326,1.0,0.0,128.0
P32_C02_ACT104_FGFR,PLATE_32,0,333.6405993347874,149.89385474860336,1.0,0.0,150.0
P32_C02_ACT104_FGFR,PLATE_32,1,276.9213622520979,140.1159420289855,1.0,0.0,150.0
P32_C02_ACT104_FGFR,PLATE_32,1,272.89811521876425,150.0,1.0,0.0,150.0
P32_C02_ACT104_FGFR,PLATE_32,1,847.7338552366749,131.7268351383875,1.0,0.18089953611540144,127.0
P32_C02_ACT104_FGFR,PLATE_32,1,397.95432854924917,123.363184079602,1.0,0.0,100.0
P32_C02_ACT104_FGFR,PLATE_32,1,240.74985029314365,141.03246753246754,1.0,0.0,131.0
P32_C02_ACT104_FGFR,PLATE_32,1,229.07154696502386,146.5,1.0,0.0,150.0
P32_C02_ACT104_FGFR,PLATE_32,1,834.995782140719,143.71194379391102,1.0,0.0,148.5
P32_C02_ACT104_FGFR,PLATE_32,1,168.8921284525274,149.2051282051282,1.0,0.0,150.0
P32_C02_ACT104_FGFR,PLATE_32,1,218.31159084483568,126.73148148148148,1.0,0.0,92.0
P32_C02_ACT104_FGFR,PLATE_32,1,390.59067701709216,135.98373983739836,1.0,0.0,125.0
P32_C02_ACT104_FGFR,PLATE_32,1,507.10783852948276,132.67226890756302,1.0,0.9361188050345587,127.0
P32_C02_ACT104_FGFR,PLATE_32,1,199.98924448604305,145.85981308411215,1.0,0.0,150.0
P32_C02_ACT104_FGFR,PLATE_32,1,315.85483491422735,147.16425120772948,1.0,0.0,150.0
P32_C02_ACT104_FGFR,PLATE_32,1,251.25202459783213,143.19594594594594,1.0,0.0,150.0
P32_C02_ACT104_FGFR,PLATE_32,1,174.59727342097779,145.14166666666668,1.0,0.0,150.0
P32_C02_ACT104_FGFR,PLATE_32,1,134.10137066422652,149.3186813186813,1.0,0.0,150.0
P32_C02_ACT104_FGFR,PLATE_32,0,393.6951450929881,126.02432432432433,0.9972972972972973,0.2426435553565417,100.0
P32_C02_ACT104_FGFR,PLATE_32,1,362.8454712144983,132.1807580174927,1.0,0.2432195014461269,141.0
P32_C02_ACT104_FGFR,PLATE_32,1,532.0336182183762,144.47744360902254,1.0,0.0,150.0
P32_C02_ACT104_FGFR,PLATE_32,0,258.90797207356803,106.37142857142857,0.9428571428571428,0.993967991571324,55.75
P32_C02_ACT104_FGFR,PLATE_32,1,1635.1569672534588,142.30685579196216,1.0,0.06916034455657682,150.0
P32_C02_ACT104_FGFR,PLATE_32,1,359.92871997942467,113.860103626943,1.0,0.9641469606924598,80.0
P32_C02_ACT104_FGFR,PLATE_32,1,406.13114046487084,145.11347517730496,1.0,0.0,150.0
P32_C02_ACT104_FGFR,PLATE_32,1,57.26575775496179,143.17241379310346,1.0,0.9971739665404005,150.0
P32_C02_ACT104_FGFR,PLATE_32,1,344.5230372024997,147.14349775784754,1.0,0.0,150.0
P32_C02_ACT104_FGFR,PLATE_32,0,377.6500592628521,147.9456790123457,1.0,0.9921957483097449,150.0
P32_C02_ACT104_FGFR,PLATE_32,1,435.52814806599633,143.27649769585253,1.0,0.0,145.0
P32_C02_ACT104_FGFR,PLATE_32,1,292.88178030338634,146.17241379310346,1.0,0.0,150.0
P32_C02_ACT104_FGFR,PLATE_32,1,260.9761098805082,144.25,1.0,0.0,150.0
P32_C02_ACT104_FGFR,PLATE_32,1,151.63696173159843,141.3298969072165,1.0,0.0,150.0
P32_C02_ACT104_FGFR,PLATE_32,1,1234.4046907456625,138.6874566874567,1.0,0.11100240683532611,133.0
P32_C02_ACT104_FGFR,PLATE_32,1,186.58455508864853,148.52631578947367,1.0,0.3749300139212648,150.0
P32_C02_ACT104_FGFR,PLATE_32,1,635.805855516769,143.85889570552146,1.0,0.0,141.0
P32_C02_ACT104_FGFR,PLATE_32,1,161.0665863868487,140.49557522123894,1.0,0.0,150.0
P32_C02_ACT104_FGFR,PLATE_32,1,1039.59935551033,144.1231884057971,1.0,0.06096727585696546,150.0
P32_C02_ACT104_FGFR,PLATE_32,1,163.5409185761567,113.95098039215686,1.0,0.9719783830317218,87.5
P32_C02_ACT104_FGFR,PLATE_32,1,25.370602723258088,150.0,1.0,0.9382910700450361,150.0
P32_C02_ACT104_FGFR,PLATE_32,0,184.3057902511531,148.8135593220339,1.0,0.0,150.0
P32_C02_ACT104_FGFR,PLATE_32,1,37.605012585834565,144.31372549019608,1.0,0.9429569974593166,150.0
P32_C02_ACT104_FGFR,PLATE_32,0,140.77624583395067,148.14606741573033,1.0,0.0,150.0
P32_C02_ACT104_FGFR,PLATE_32,0,43.8180530288451,147.54545454545453,1.0,0.9910542357498903,150.0
P32_C02_ACT104_FGFR,PLATE_32,1,213.75242815624784,129.3801652892562,1.0,0.0,102.0
P32_C02_ACT104_FGFR,PLATE_32,1,1121.197030348154,144.97182080924856,0.9956647398843931,0.049218436268141014,150.0
P32_C02_ACT104_FGFR,PLATE_32,0,66.04027777066912,150.0,1.0,0.030286062763782644,150.0
P32_C02_ACT104_FGFR,PLATE_32,1,42.12066250465004,150.0,1.0,0.21647186490623976,150.0
P32_C02_ACT104_FGFR,PLATE_32,0,131.16663527682212,135.3793103448276,1.0,0.43157547769984705,120.0
P32_C02_ACT104_FGFR,PLATE_32,1,152.5987489007286,149.73417721518987,1.0,0.0,150.0
P32_C02_ACT104_FGFR,PLATE_32,1,400.0329276155434,138.3494623655914,1.0,0.0,124.0
P32_C02_ACT104_FGFR,PLATE_32,0,222.59544514402376,90.66923076923077,1.0,0.9768770009784505,59.0
P32_C02_ACT104_FGFR,PLATE_32,1,415.9897624997145,139.64444444444445,1.0,0.02450722222447191,147.0
P32_C02_ACT104_FGFR,PLATE_32,1,214.41183890690849,134.5,1.0,0.0,122.0
P32_C02_ACT104_FGFR,PLATE_32,1,294.5722098416829,142.5875,1.0,0.0,140.0
P32_C02_ACT104_FGFR,PLATE_32,0,129.22182870742506,144.63333333333333,1.0,0.0,150.0
P32_C02_ACT104_FGFR,PLATE_32,1,234.0294890157831,134.11724137931034,1.0,0.0,120.0
P32_C02_ACT104_FGFR,PLATE_32,1,193.26122551982547,150.0,1.0,0.0,150.0
P32_C02_ACT104_FGFR,PLATE_32,0,66.0927865075287,149.6346153846154,1.0,0.19717448404998733,150.0
P32_C02_ACT104_FGFR,PLATE_32,1,383.1164856332565,140.859375,1.0,0.0,146.0
P32_C02_ACT104_FGFR,PLATE_32,1,1043.3382140889566,132.4719917012448,0.9948132780082988,0.0723389322040148,119.0
P32_C02_ACT104_FGFR,PLATE_32,1,146.44521477887503,150.0,1.0,0.0,150.0
P32_C02_ACT104_FGFR,PLATE_32,1,151.29583323465684,124.71739130434783,1.0,0.9834380262087601,95.75
P32_C02_ACT104_FGFR,PLATE_32,1,42.018156810472014,126.47619047619048,1.0,0.9920330908494157,117.0
P32_C02_ACT104_FGFR,PLATE_32,1,236.67791566805477,131.7563025210084,1.0,0.0,112.0
P32_C02_ACT104_FGFR,PLATE_32,1,265.2930932212136,144.16666666666666,1.0,0.0,150.0
P32_C02_ACT104_FGFR,PLATE_32,1,216.86923654243168,137.26666666666668,1.0,0.0,114.0
P32_C02_ACT104_FGFR,PLATE_32,0,54.538772169531455,147.28070175438597,1.0,0.978028136122179,150.0
P32_C02_ACT104_FGFR,PLATE_32,1,34.22185939635514,150.0,1.0,0.9769400650299946,150.0
P32_C02_ACT104_FGFR,PLATE_32,0,28.162129728614353,149.54054054054055,1.0,0.9056668474373452,150.0
P32_C02_ACT104_FGFR,PLATE_32,1,763.978646460869,129.8328025477707,0.9872611464968153,0.30855988228811526,132.5
P32_C02_ACT104_FGFR,PLATE_32,0,1438.233911760507,140.31333333333333,0.9975757575757576,0.09731576667537899,150.0
P32_C02_ACT104_FGFR,PLATE_32,1,161.36811113587814,143.40952380952382,1.0,0.0,150.0
P32_C02_ACT104_FGFR,PLATE_32,1,198.71100673925451,114.208,1.0,0.9660173340520604,89.0
P32_C02_ACT104_FGFR,PLATE_32,1,197.0846517118618,146.32512315270935,1.0,0.9938607719203989,150.0
P32_C02_ACT104_FGFR,PLATE_32,1,166.61878203752815,145.83734939759037,1.0,0.24610904751874585,150.0
P32_C02_ACT104_FGFR,PLATE_32,1,182.73263433381555,150.0,1.0,0.9850560968586911,150.0
P32_C02_ACT104_FGFR,PLATE_32,1,135.19455303937644,147.03225806451613,1.0,0.0,150.0
P32_C02_ACT104_FGFR,PLATE_32,1,510.84176786619594,132.88636363636363,1.0,0.0,115.25
P32_C02_ACT104_FGFR,PLATE_32,1,346.0310593431164,139.72093023255815,1.0,0.0,138.0
P32_C02_ACT104_FGFR,PLATE_32,1,300.8619636498281,149.91275167785236,1.0,0.0,150.0
P32_C02_ACT104_FGFR,PLATE_32,0,919.287051515793,115.49468713105077,1.0,0.043813708107418955,88.0
P32_C02_ACT104_FGFR,PLATE_32,1,176.53453189623033,149.9758064516129,1.0,0.0,150.0
P32_C02_ACT104_FGFR,PLATE_32,1,432.1705110312217,148.13908450704224,1.0,0.6459816060739699,150.0
P32_C02_ACT104_FGFR,PLATE_32,1,226.30531807851258,137.5045045045045,1.0,0.0,119.75
P32_C02_ACT104_FGFR,PLATE_32,1,235.28655233400238,131.50694444444446,1.0,0.0,110.75
P32_C02_ACT104_FGFR,PLATE_32,1,1060.1033963132368,135.51718869365928,1.0,0.10303230885698066,131.0
P32_C02_ACT104_FGFR,PLATE_32,1,149.14077409808385,149.63829787234042,1.0,0.0,150.0
P32_C02_ACT104_FGFR,PLATE_32,0,33.889614677011224,149.65714285714284,1.0,0.9430533681900405,150.0
P32_C02_ACT104_FGFR,PLATE_32,1,163.13364272363617,142.84810126582278,1.0,0.0,147.75
P32_C02_ACT104_FGFR,PLATE_32,1,793.4007896554854,126.62211055276381,0.9989949748743718,0.1619805152633571,104.0
P32_C02_ACT104_FGFR,PLATE_32,1,475.54383943328224,126.83063063063064,0.9873873873873874,0.12944144350267048,117.0
P32_C02_ACT104_FGFR,PLATE_32,1,308.2199502919142,144.15384615384616,1.0,0.0,141.0
P32_C02_ACT104_FGFR,PLATE_32,1,379.1430163406134,137.8894472361809,1.0,0.0,130.25
P32_C02_ACT104_FGFR,PLATE_32,0,144.0262312055841,150.0,1.0,0.0,150.0
P32_C02_ACT104_FGFR,PLATE_32,1,490.50961056219535,149.6557911908646,1.0,0.897713769912102,150.0
P32_C02_ACT104_FGFR,PLATE_32,0,187.99922455365208,149.4787234042553,1.0,0.0,150.0
P32_C02_ACT104_FGFR,PLATE_32,1,348.16981404409853,146.61194029850745,1.0,0.9915894168256981,150.0
P32_C02_ACT104_FGFR,PLATE_32,0,728.3478917310124,130.01445466491458,0.9684625492772667,0.08243815759561168,120.0
P32_C02_ACT104_FGFR,PLATE_32,1,220.20198135290642,137.8135593220339,1.0,0.0,145.0
P32_C02_ACT104_FGFR,PLATE_32,1,356.41584833685977,146.0796812749004,1.0,0.0,150.0
P32_C02_ACT104_FGFR,PLATE_32,1,684.086745238956,143.8591385331781,1.0,0.14121016939487707,150.0
P32_C02_ACT104_FGFR,PLATE_32,1,293.23250093133555,144.71621621621622,1.0,0.0,141.25
P32_C02_ACT104_FGFR,PLATE_32,1,491.28954981968116,142.8521739130435,1.0,0.0,142.0
P32_C02_ACT104_FGFR,PLATE_32,0,30.615064360470726,150.0,1.0,0.8866662995099643,150.0
P32_C02_ACT104_FGFR,PLATE_32,0,157.6781279925789,150.0,1.0,0.0,150.0
P32_C02_ACT104_FGFR,PLATE_32,1,30.96658826010917,143.60526315789474,1.0,0.878023352370563,150.0
P32_C02_ACT104_FGFR,PLATE_32,1,230.26852841314107,149.22151898734177,1.0,0.9884608505934127,150.0
P32_C02_ACT104_FGFR,PLATE_32,1,194.08098541714753,120.34558823529412,1.0,0.0,95.0
P32_C02_ACT104_FGFR,PLATE_32,1,243.1333659796743,125.95209580838323,1.0,0.0,105.0
P32_C02_ACT104_FGFR,PLATE_32,1,278.7040395772618,139.2514619883041,1.0,0.0,150.0
P32_C02_ACT104_FGFR,PLATE_32,0,33.30202132388703,147.23529411764707,1.0,0.959088437332025,150.0
P32_C02_ACT104_FGFR,PLATE_32,1,151.8184637665676,148.21176470588236,1.0,0.0,150.0
P32_C02_ACT104_FGFR,PLATE_32,0,53.12369835814141,149.58904109589042,1.0,0.9721070725161156,150.0
P32_C02_ACT104_FGFR,PLATE_32,1,296.23086663068597,146.76623376623377,1.0,0.9896778016000675,150.0
P32_C02_ACT104_FGFR,PLATE_32,1,340.6364627415022,150.0,1.0,0.0,150.0
P32_C02_ACT104_FGFR,PLATE_32,0,27.4886524831147,147.85294117647058,1.0,0.9281641032411185,150.0
P32_C02_ACT104_FGFR,PLATE_32,1,755.994332497613,136.70426065162908,1.0,0.17208032840079726,150.0
P32_C02_ACT104_FGFR,PLATE_32,1,326.4221687191891,145.2232558139535,1.0,0.0,150.0
P32_C02_ACT104_FGFR,PLATE_32,1,162.79570320147405,141.02247191011236,1.0,0.6810402928902763,150.0
P32_C02_ACT104_FGFR,PLATE_32,1,586.0950107869571,133.7568306010929,1.0,0.14766889248231352,117.0
P32_C02_ACT104_FGFR,PLATE_32,1,138.25667480730857,149.57608695652175,1.0,0.0,150.0
P32_C02_ACT104_FGFR,PLATE_32,1,547.8731684043278,138.2509090909091,1.0,0.0,129.0
P32_C02_ACT104_FGFR,PLATE_32,1,334.5211768369072,147.57560975609755,1.0,0.0,150.0
P32_C02_ACT104_FGFR,PLATE_32,1,33.097926832508826,150.0,1.0,0.9848907491418237,150.0
P32_C02_ACT104_FGFR,PLATE_32,0,93.53029350367817,146.8695652173913,1.0,0.2341529589313864,150.0
P32_C02_ACT104_FGFR,PLATE_32,0,194.89343511502574,147.54228855721394,1.0,0.7504142026173819,150.0
P32_C02_ACT104_FGFR,PLATE_32,1,753.2101933114841,118.3029197080292,1.0,0.9696531150749587,73.0
P32_C02_ACT104_FGFR,PLATE_32,1,651.0375630207212,145.28193832599118,1.0,0.0,150.0
P32_C02_ACT104_FGFR,PLATE_32,1,328.356269736382,150.0,1.0,0.0,150.0
P32_C02_ACT104_FGFR,PLATE_32,1,293.7643321341137,148.54593175853017,1.0,0.019666122039740278,150.0
P32_C02_ACT104_FGFR,PLATE_32,0,198.61328681003272,150.0,1.0,0.0,150.0
P32_C02_ACT104_FGFR,PLATE_32,0,1810.4445703382223,143.91644491750932,0.9781798829164449,0.19707856439784127,150.0
P32_C02_ACT104_FGFR,PLATE_32,0,64.95558742089332,150.0,1.0,0.11258654532000353,150.0
P32_C02_ACT104_FGFR,PLATE_32,1,454.0211600746355,149.89825119236883,1.0,0.9864275529835216,150.0
P32_C02_ACT104_FGFR,PLATE_32,1,170.57609610000526,134.075,1.0,0.0,128.0
P32_C02_ACT104_FGFR,PLATE_32,1,121.4441069479772,148.09230769230768,1.0,0.0,150.0
P32_C02_ACT104_FGFR,PLATE_32,1,29.624322139216144,150.0,1.0,0.8689365711005613,150.0
P32_C02_ACT104_FGFR,PLATE_32,0,48.397360593555604,147.0,1.0,0.7403402394888844,150.0
P32_C02_ACT104_FGFR,PLATE_32,1,356.084945248621,147.03187250996015,1.0,0.0,150.0
P32_C02_ACT104_FGFR,PLATE_32,1,292.5998200589528,145.90406976744185,1.0,0.9813442763158741,150.0
P32_C02_ACT104_FGFR,PLATE_32,1,295.12804638214396,128.3986928104575,1.0,0.876179370557351,114.0
P32_C02_ACT104_FGFR,PLATE_32,1,468.57920562174377,141.1920731707317,1.0,0.0,139.0
P32_C02_ACT104_FGFR,PLATE_32,0,49.26205093236077,148.6060606060606,1.0,0.9419684405821847,150.0
P32_C02_ACT104_FGFR,PLATE_32,1,351.3418129813773,138.6859756097561,1.0,0.8877469953509812,146.0
P32_C02_ACT104_FGFR,PLATE_32,1,532.0833985375522,137.87603305785123,1.0,0.0,133.5
P32_C02_ACT104_FGFR,PLATE_32,0,35.40868628377546,149.44444444444446,1.0,0.9665066909553202,150.0
P32_C02_ACT104_FGFR,PLATE_32,1,831.0834489064455,121.08857142857143,0.9742857142857143,0.06272149036744114,93.0
P32_C02_ACT104_FGFR,PLATE_32,1,181.0030773368743,150.0,1.0,0.0,150.0
P32_C02_ACT104_FGFR,PLATE_32,0,28.4928941475498,139.5,1.0,0.8891650978859502,150.0
P32_C02_ACT104_FGFR,PLATE_32,0,663.2487438295082,142.28818897637797,0.9874015748031496,0.08561959290392203,150.0
P32_C02_ACT104_FGFR,PLATE_32,1,284.3013824390006,122.49720670391062,1.0,0.0,97.5
P32_C02_ACT104_FGFR,PLATE_32,0,26.13265307425061,150.0,1.0,0.9921023529420321,150.0
P32_C02_ACT104_FGFR,PLATE_32,1,545.3588546881322,143.8901098901099,1.0,0.0,140.0
P32_C02_ACT104_FGFR,PLATE_32,1,447.0622054737297,138.70903010033445,1.0,0.0,132.25
P32_C02_ACT104_FGFR,PLATE_32,1,309.5922516180408,149.44285714285715,1.0,0.9720426218798374,150.0
P32_C02_ACT104_FGFR,PLATE_32,1,346.0757335091681,141.75061728395062,0.9901234567901235,0.189521668449215,150.0
P32_C02_ACT104_FGFR,PLATE_32,1,125.2291212773659,131.20689655172413,1.0,0.9712494121639123,123.0
P32_C02_ACT104_FGFR,PLATE_32,0,37.2635680417863,150.0,1.0,0.2741204244006234,150.0
P32_C02_ACT104_FGFR,PLATE_32,1,123.03196527112316,150.0,1.0,0.0,150.0
P32_C02_ACT104_FGFR,PLATE_32,0,434.5929676525293,143.5141129032258,0.9899193548387096,0.18140094807734328,150.0
P32_C02_ACT104_FGFR,PLATE_32,1,144.03924120088618,150.0,1.0,0.9934221667830166,150.0
P32_C02_ACT104_FGFR,PLATE_32,1,204.8487064298776,149.95454545454547,1.0,0.0,150.0
P32_C02_ACT104_FGFR,PLATE_32,1,265.98720984510425,149.09944751381215,1.0,0.0,150.0
P32_C02_ACT104_FGFR,PLATE_32,1,340.7700336688031,106.00492610837438,1.0,0.9717170178344533,71.0
P32_C02_ACT104_FGFR,PLATE_32,1,328.33584673452117,136.65142857142857,1.0,0.27396486967013944,140.0
P32_C02_ACT104_FGFR,PLATE_32,0,32.67456015193782,148.41176470588235,1.0,0.9680395697211657,150.0
P32_C02_ACT104_FGFR,PLATE_32,1,454.24474579098023,136.20754716981133,1.0,0.15875564328326097,126.0
P32_C02_ACT104_FGFR,PLATE_32,1,459.182810928424,129.7246376811594,1.0,0.1892051134633661,113.0
P32_C02_ACT104_FGFR,PLATE_32,1,160.00685434820466,127.9278350515464,1.0,0.9749679942564676,109.0
P32_C02_ACT104_FGFR,PLATE_32,1,553.5390595053051,126.67624020887729,1.0,0.6515974049749664,92.0
P32_C02_ACT104_FGFR,PLATE_32,1,367.46416489970863,141.54748603351956,1.0,0.0,141.0
P32_C02_ACT104_FGFR,PLATE_32,1,518.457493429659,148.0962962962963,1.0,0.0,150.0
P32_C02_ACT104_FGFR,PLATE_32,0,41.140173590812424,148.37254901960785,1.0,0.9832600278274948,150.0
P32_C02_ACT104_FGFR,PLATE_32,1,310.79045531816143,125.9113924050633,1.0,0.0,114.0
P32_C02_ACT104_FGFR,PLATE_32,1,57.89413487050661,143.28571428571428,1.0,0.9633976001343552,150.0
P32_C02_ACT104_FGFR,PLATE_32,1,265.96997165589914,128.25954198473283,1.0,0.0,88.75
P32_C02_ACT104_FGFR,PLATE_32,0,29.064015758058087,150.0,1.0,0.8120254449506498,150.0
P32_C02_ACT104_FGFR,PLATE_32,1,178.66500888389382,108.12820512820512,1.0,0.995859487233017,62.0
P32_C02_ACT104_FGFR,PLATE_32,0,217.56934082138932,82.5798319327731,1.0,0.30182005279002366,48.5
P32_C02_ACT104_FGFR,PLATE_32,1,140.86686295196904,144.77319587628867,1.0,0.0,150.0
P32_C02_ACT104_FGFR,PLATE_32,1,257.5440877009183,150.0,1.0,0.0,150.0
P32_C02_ACT104_FGFR,PLATE_32,1,176.13206423382303,126.46153846153847,1.0,0.0,101.25
P32_C02_ACT104_FGFR,PLATE_32,1,388.8448728637072,136.30727762803235,1.0,0.9835516312788164,150.0
P32_C02_ACT104_FGFR,PLATE_32,1,211.5083260377837,106.04098360655738,1.0,0.9572484728165707,54.5
P32_C02_ACT104_FGFR,PLATE_32,1,208.07793603160874,147.0392156862745,1.0,0.0,150.0
P32_C02_ACT104_FGFR,PLATE_32,1,281.22112581668426,98.39285714285714,1.0,0.9867125813553149,63.0
P32_C02_ACT104_FGFR,PLATE_32,1,317.10485182776233,149.03944315545243,1.0,0.9935817559095237,150.0
P32_C02_ACT104_FGFR,PLATE_32,0,29.173552495241214,149.625,1.0,0.9398624504343168,150.0
P32_C02_ACT104_FGFR,PLATE_32,1,510.68964450036583,137.01660516605165,1.0,0.9567761707669795,150.0
P32_C02_ACT104_FGFR,PLATE_32,1,719.1781331981551,136.8833967046895,1.0,0.19322714276162994,129.0
P32_C02_ACT104_FGFR,PLATE_32,1,227.56547385883025,137.10135135135135,1.0,0.0,123.0
P32_C02_ACT104_FGFR,PLATE_32,1,270.738302452294,149.46979865771812,1.0,0.0,150.0
P32_C02_ACT104_FGFR,PLATE_32,1,378.2695250363089,141.06153846153848,1.0,0.00446966877128711,138.0
P32_C02_ACT104_FGFR,PLATE_32,1,150.17702506541747,149.96153846153845,1.0,0.0,150.0
P32_C02_ACT104_FGFR,PLATE_32,1,221.1448127954185,147.46846846846847,1.0,0.9908894207220191,150.0
P32_C02_ACT104_FGFR,PLATE_32,1,539.5476074486937,135.50571428571428,1.0,0.0,120.0
P32_C02_ACT104_FGFR,PLATE_32,1,790.2897842302066,144.91139240506328,1.0,0.0,141.0
P32_C02_ACT104_FGFR,PLATE_32,1,129.06657308999274,148.140625,1.0,0.0,150.0
P32_C02_ACT104_FGFR,PLATE_32,1,174.0269063043783,126.2,1.0,0.0,100.0
P32_C02_ACT104_FGFR,PLATE_32,0,833.6787478012395,144.0093109869646,1.0,0.0,148.0
P32_C02_ACT104_FGFR,PLATE_32,1,201.02493243178552,148.7593984962406,1.0,0.0,150.0
P32_C02_ACT104_FGFR,PLATE_32,1,126.60792352776876,141.86153846153846,1.0,0.0,150.0
P32_C02_ACT104_FGFR,PLATE_32,0,441.4062693153186,131.86923076923077,1.0,0.0,106.0
P32_C02_ACT104_FGFR,PLATE_32,1,162.3387828300424,145.65217391304347,1.0,0.0,150.0
P32_C02_ACT104_FGFR,PLATE_32,1,170.4507545497714,149.47008547008548,1.0,0.0,150.0
P32_C02_ACT104_FGFR,PLATE_32,0,63.456128942268386,150.0,1.0,0.1949185273080486,150.0
P32_C02_ACT104_FGFR,PLATE_32,1,728.313258384519,137.79075425790754,1.0,0.7487120373725924,150.0
P32_C02_ACT104_FGFR,PLATE_32,0,29.07088687030069,144.16216216216216,1.0,0.8728866365974858,144.0
P32_C02_ACT104_FGFR,PLATE_32,1,194.89970141197313,117.04724409448819,1.0,0.9715013817622727,78.0
P32_C02_ACT104_FGFR,PLATE_32,1,393.25357119226794,144.17085427135677,1.0,0.0,150.0
P32_C02_ACT104_FGFR,PLATE_32,1,420.0695032012137,143.57603686635946,1.0,0.1808374885853161,150.0
P32_C02_ACT104_FGFR,PLATE_32,1,253.38601458273388,141.9542857142857,1.0,0.0,136.0
P32_C02_ACT104_FGFR,PLATE_32,1,351.1964475647852,149.50224215246638,1.0,0.9318060153202182,150.0
P32_C02_ACT104_FGFR,PLATE_32,1,478.9541870306756,141.61132075471698,1.0,0.0,150.0
P32_C02_ACT104_FGFR,PLATE_32,1,223.07303384472684,147.4144144144144,1.0,0.0,150.0
P32_C02_ACT104_FGFR,PLATE_32,1,158.02101927278352,136.53271028037383,1.0,0.0,119.0
P32_C02_ACT104_FGFR,PLATE_32,1,157.20641209412256,148.2077922077922,1.0,0.0,150.0
P32_C02_ACT104_FGFR,PLATE_32,0,27.767938961722383,150.0,1.0,0.9422005078863825,150.0
P32_C02_ACT104_FGFR,PLATE_32,1,352.6157519161081,150.0,1.0,0.0,150.0
P32_C02_ACT104_FGFR,PLATE_32,1,324.55955506825006,142.11656441717793,1.0,0.0,146.0
P32_C02_ACT104_FGFR,PLATE_32,1,607.4214806686521,143.67737430167597,1.0,0.9803748321542244,150.0
P32_C02_ACT104_FGFR,PLATE_32,0,1182.4729052673827,141.84969053934572,0.9805481874447391,0.4208760750369815,150.0
P32_C02_ACT104_FGFR,PLATE_32,0,34.2628016839951,150.0,1.0,0.26906120165407443,150.0
P32_C02_ACT104_FGFR,PLATE_32,1,185.30463928162465,148.6090909090909,1.0,0.0,150.0
P32_C02_ACT104_FGFR,PLATE_32,1,158.238874975343,147.45054945054946,1.0,0.0,150.0
P32_C02_ACT104_FGFR,PLATE_32,1,160.96637022406492,134.69135802469137,1.0,0.0,117.0
P32_C02_ACT104_FGFR,PLATE_32,1,437.9667753586292,133.16284987277353,1.0,0.46631597949915227,134.0
P32_C02_ACT104_FGFR,PLATE_32,1,42.378414220415834,149.1509433962264,1.0,0.9633150428982963,150.0
P32_C02_ACT104_FGFR,PLATE_32,1,332.34413170527233,149.77653631284917,1.0,0.0,150.0
P32_C02_ACT104_FGFR,PLATE_32,1,187.24907357451502,148.64864864864865,1.0,0.0,150.0
P32_C02_ACT104_FGFR,PLATE_32,0,37.59360085496003,146.94117647058823,1.0,0.3347850013982773,150.0
P32_C02_ACT104_FGFR,PLATE_32,1,233.5395615302998,147.9142857142857,1.0,0.0,150.0
P32_C02_ACT104_FGFR,PLATE_32,1,351.63208547342003,150.0,1.0,0.0,150.0
P32_C02_ACT104_FGFR,PLATE_32,1,311.2942266505796,148.61146496815286,1.0,0.0,150.0
P32_C02_ACT104_FGFR,PLATE_32,1,250.74134269628092,141.53987730061348,1.0,0.0,144.0
P32_C02_ACT104_FGFR,PLATE_32,1,362.8318079378291,141.7912087912088,1.0,0.0,143.0
P32_C02_ACT104_FGFR,PLATE_32,1,434.4408854767548,126.3342939481268,1.0,0.38292205270309276,110.0
P32_C02_ACT104_FGFR,PLATE_32,1,168.70153051670496,145.65254237288136,1.0,0.0,147.0
P32_C02_ACT104_FGFR,PLATE_32,1,40.9333440665597,149.5,1.0,0.9826566080843981,150.0
P32_C02_ACT104_FGFR,PLATE_32,1,422.08503644451093,130.92428198433421,0.9869451697127938,0.16933090210856644,138.0
P32_C02_ACT104_FGFR,PLATE_32,1,272.293702437598,146.0972972972973,1.0,0.0,150.0
P32_C02_ACT104_FGFR,PLATE_32,1,51.851717203087645,150.0,1.0,0.9932216582409136,150.0
P32_C02_ACT104_FGFR,PLATE_32,1,256.1750080430171,144.65562913907286,1.0,0.0,150.0
P32_C02_ACT104_FGFR,PLATE_32,0,50.28905657264485,138.69565217391303,1.0,0.9908606466927967,139.0
P32_C02_ACT104_FGFR,PLATE_32,1,366.64204270646115,129.32275132275132,1.0,0.0,95.0
P32_C02_ACT104_FGFR,PLATE_32,1,257.2863129146198,149.0759493670886,1.0,0.0,150.0
P32_C02_ACT104_FGFR,PLATE_32,1,187.49106389776335,148.40217391304347,1.0,0.0,150.0
P32_C02_ACT104_FGFR,PLATE_32,1,1110.1812171581973,144.1868131868132,1.0,0.0,150.0
P32_C02_ACT104_FGFR,PLATE_32,0,29.8868128993469,145.46666666666667,1.0,0.9875153551806548,150.0
P32_C02_ACT104_FGFR,PLATE_32,1,199.07693850478353,149.21212121212122,1.0,0.0,150.0
P32_C02_ACT104_FGFR,PLATE_32,1,50.51958459018112,150.0,1.0,0.9946103639363776,150.0
P32_C02_ACT104_FGFR,PLATE_32,1,38.37597308417345,150.0,1.0,0.9529382597002042,150.0
P32_C02_ACT104_FGFR,PLATE_32,1,140.18361331517116,146.35051546391753,1.0,0.0,150.0
P32_C02_ACT104_FGFR,PLATE_32,1,39.39950160275852,133.12962962962962,1.0,0.9526919948552806,110.0
P32_C02_ACT104_FGFR,PLATE_32,1,35.92438148943912,150.0,1.0,0.17203161730980096,150.0
P32_C02_ACT104_FGFR,PLATE_32,1,357.0183468091652,132.86008230452674,1.0,0.0,118.0
P32_C02_ACT104_FGFR,PLATE_32,1,303.42915777575894,146.73,1.0,0.0,150.0
P32_C02_ACT104_FGFR,PLATE_32,0,27.459503919496996,141.37142857142857,1.0,0.8704442191079762,139.0
P32_C02_ACT104_FGFR,PLATE_32,1,395.32815860284813,144.89539748953976,1.0,0.0,150.0
P32_C02_ACT104_FGFR,PLATE_32,1,166.73748759810326,147.65254237288136,1.0,0.0,150.0
P32_C02_ACT104_FGFR,PLATE_32,1,166.48465286085792,148.86138613861385,1.0,0.0,150.0
P32_C02_ACT104_FGFR,PLATE_32,1,52.68175969608078,146.55405405405406,1.0,0.9812967748520521,144.75
P32_C02_ACT104_FGFR,PLATE_32,1,472.4079381620349,128.32345679012346,0.9901234567901235,0.018138828178548203,114.0
P32_C02_ACT104_FGFR,PLATE_32,1,898.9513359436422,129.3654485049834,1.0,0.8951653914304284,116.0
P32_C02_ACT104_FGFR,PLATE_32,1,146.27751080137898,150.0,1.0,0.0,150.0
P32_C02_ACT104_FGFR,PLATE_32,1,578.5162372126848,141.6101364522417,1.0,0.9946834557340122,150.0
P32_C02_ACT104_FGFR,PLATE_32,1,328.2585608595411,148.42201834862385,1.0,0.0,150.0
P32_C02_ACT104_FGFR,PLATE_32,1,194.75156925551144,147.00375939849624,1.0,0.9770303194594585,150.0
P32_C02_ACT104_FGFR,PLATE_32,1,408.06271212923036,147.54857142857142,1.0,0.6470998762411344,150.0
P32_C02_ACT104_FGFR,PLATE_32,1,249.83095271709203,141.24489795918367,1.0,0.0,150.0
P32_C02_ACT104_FGFR,PLATE_32,1,55.99691897498964,150.0,1.0,0.938707549150339,150.0
P32_C02_ACT104_FGFR,PLATE_32,0,30.022618451807226,148.16129032258064,1.0,0.999584307914105,150.0
P32_C02_ACT104_FGFR,PLATE_32,1,200.05650875204654,150.0,1.0,0.0,150.0
P32_C02_ACT104_FGFR,PLATE_32,1,209.06551815731535,125.32374100719424,1.0,0.893858531225359,85.0
P32_C02_ACT104_FGFR,PLATE_32,1,527.8028186136116,125.87834549878346,1.0,0.16413280044831438,101.0
P32_C02_ACT104_FGFR,PLATE_32,1,683.5870259209995,133.81221198156683,0.9896313364055299,0.1153184189735806,128.0
P32_C02_ACT104_FGFR,PLATE_32,1,200.2759175066756,150.0,1.0,0.0,150.0
P32_C02_ACT104_FGFR,PLATE_32,1,204.8040720274496,142.12962962962962,1.0,0.0,149.75
P32_C02_ACT104_FGFR,PLATE_32,1,361.0217743999368,130.96187683284458,1.0,0.25030544485635836,150.0
P32_C02_ACT104_FGFR,PLATE_32,1,244.63122226840187,139.31724137931033,1.0,0.0,150.0
P32_C02_ACT104_FGFR,PLATE_32,1,348.3225885802874,149.92796610169492,1.0,0.9929482571689404,150.0
P32_C02_ACT104_FGFR,PLATE_32,1,166.448240030565,138.4022988505747,1.0,0.0,127.0
P32_C02_ACT104_FGFR,PLATE_32,1,233.58995817711434,149.3641975308642,1.0,0.0,150.0
P32_C02_ACT104_FGFR,PLATE_32,1,59.00779089178858,142.15,1.0,0.9611316248775145,149.0
P32_C02_ACT104_FGFR,PLATE_32,1,253.58310655328,149.64367816091954,1.0,0.982596621150892,150.0
P32_C02_ACT104_FGFR,PLATE_32,0,49.719364741130704,145.72549019607843,1.0,0.9733974401922243,150.0
P32_C02_ACT104_FGFR,PLATE_32,1,129.34133236765788,149.15384615384616,1.0,0.0,150.0
P32_C02_ACT104_FGFR,PLATE_32,1,33.364111504263605,146.82608695652175,1.0,0.9678793362826685,150.0
P32_C02_ACT104_FGFR,PLATE_32,1,202.95913372123988,146.55045871559633,1.0,0.0,150.0
P32_C02_ACT104_FGFR,PLATE_32,1,295.8746562930133,140.50980392156862,1.0,0.0,138.0
P32_C02_ACT104_FGFR,PLATE_32,1,322.11924505796105,145.04320987654322,1.0,0.0,150.0
P32_C02_ACT104_FGFR,PLATE_32,1,361.6900725845884,120.62706270627062,1.0,0.37924190456702517,96.0
P32_C02_ACT104_FGFR,PLATE_32,1,492.5237612063844,131.23478260869564,1.0,0.5110210450256591,109.0
P32_C02_ACT104_FGFR,PLATE_32,1,297.28091286296007,84.51908396946565,1.0,0.9816367309328728,59.0
P32_C02_ACT104_FGFR,PLATE_32,1,147.0994429583298,90.08333333333333,1.0,0.9910580488356492,56.25
P32_C02_ACT104_FGFR,PLATE_32,1,115.07174661021006,123.01886792452831,1.0,0.9377801620730495,108.0
P32_C02_ACT104_FGFR,PLATE_32,1,375.4637324939802,121.39779005524862,1.0,0.9764268639394952,90.0
P32_C02_ACT104_FGFR,PLATE_32,1,382.98548281608305,102.78531073446328,1.0,0.9231952035073338,76.0
P32_C02_ACT104_FGFR,PLATE_32,1,82.35236258626027,126.25,1.0,0.9542838644761067,107.5
P32_C02_ACT104_FGFR,PLATE_32,1,402.6937359143934,138.1863799283154,1.0,0.46077528700594905,128.0
P32_C02_ACT104_FGFR,PLATE_32,1,194.8642145561571,113.57731958762886,1.0,0.9891561430375632,70.0
P32_C02_ACT104_FGFR,PLATE_32,1,258.45160626913076,97.95161290322581,1.0,0.9675544095086821,69.0
P32_C02_ACT104_FGFR,PLATE_32,1,273.48170712666945,86.42537313432835,1.0,0.9776404867096159,55.0
P32_C02_ACT104_FGFR,PLATE_32,1,391.15881900210763,113.26946107784431,1.0,0.9084235101606998,95.5
P32_C02_ACT104_FGFR,PLATE_32,1,341.47662762537624,106.29530201342281,1.0,0.97234070544954,79.0
P32_C02_ACT104_FGFR,PLATE_32,0,102.73236387584221,64.17777777777778,1.0,0.9645044428946591,48.0
P32_C02_ACT104_FGFR,PLATE_32,1,460.2270115290084,110.82439024390244,1.0,0.46651857157989024,76.0
P32_C02_ACT104_FGFR,PLATE_32,1,342.42439482716566,143.39072847682118,1.0,0.9577020456067609,142.5
P32_C02_ACT104_FGFR,PLATE_32,1,98.80535709282582,148.09302325581396,1.0,0.9696020713327903,150.0
P32_C02_ACT104_FGFR,PLATE_32,1,381.81084905377094,107.87570621468926,1.0,0.28522926310341384,87.0
P32_C02_ACT104_FGFR,PLATE_32,1,92.9380124595245,146.42857142857142,1.0,0.9816861304559379,150.0
P32_C02_ACT104_FGFR,PLATE_32,1,184.0774631532038,94.30263157894737,1.0,0.9915755424237493,71.25
P32_C02_ACT104_FGFR,PLATE_32,1,86.87986018108857,97.79545454545455,1.0,0.9888013884989857,86.0
P32_C02_ACT104_FGFR,PLATE_32,1,251.89528789878304,119.87068965517241,1.0,0.8461949777854225,102.0
P32_C02_ACT104_FGFR,PLATE_32,1,239.52926344400214,98.05217391304348,1.0,0.9861941271108163,68.5
P32_C02_ACT104_FGFR,PLATE_32,1,452.53954640588285,113.84375,1.0,0.9339619239038899,75.0
P32_C02_ACT104_FGFR,PLATE_32,1,172.31852468830718,64.12820512820512,1.0,0.996598306562205,58.0
P32_C02_ACT104_FGFR,PLATE_32,1,143.80618173772595,88.78688524590164,1.0,0.9820632624718485,69.0
P32_C02_ACT104_FGFR,PLATE_32,1,121.91324297435193,103.85454545454546,1.0,0.9725130515736425,84.5
P32_C02_ACT104_FGFR,PLATE_32,1,202.3285666935149,100.1264367816092,1.0,0.9658170749320402,62.0
P32_C02_ACT104_FGFR,PLATE_32,1,100.99719791879322,125.77777777777777,1.0,0.9800251685966738,103.0
P32_C02_ACT104_FGFR,PLATE_32,1,429.38570247632157,132.47222222222223,1.0,0.9750369647728343,124.5
P32_C02_ACT104_FGFR,PLATE_32,1,414.0299700088848,110.81151832460733,1.0,0.3235489182896205,89.0
P32_C02_ACT104_FGFR,PLATE_32,1,139.92838586864974,92.515625,1.0,0.9696372126691795,70.0
P32_C02_ACT104_FGFR,PLATE_32,1,193.00834542723385,65.54117647058824,1.0,0.9751804169086654,52.0
P32_C02_ACT104_FGFR,PLATE_32,1,224.67320924568,116.98924731182795,1.0,0.9931911880690886,97.0
P32_C02_ACT104_FGFR,PLATE_32,1,216.41993470843929,118.43157894736842,1.0,0.9771438239634536,87.0
P32_C02_ACT104_FGFR,PLATE_32,1,106.42367420715495,108.3265306122449,1.0,0.9330398845765037,76.0
P32_C02_ACT104_FGFR,PLATE_32,0,139.81580541178874,103.22388059701493,1.0,0.8232877820443314,79.0
P32_C02_ACT104_FGFR,PLATE_32,0,1064.66174379946,111.68888888888888,1.0,0.9785257439787249,87.0
P32_C02_ACT104_FGFR,PLATE_32,1,843.5072415852372,120.50670640834575,1.0,0.4563719635359554,86.0
P32_C02_ACT104_FGFR,PLATE_32,1,268.4382349935012,115.87068965517241,1.0,0.9784939396855963,85.0
P32_C02_ACT104_FGFR,PLATE_32,1,158.91641542965095,74.98529411764706,1.0,0.9706551613998834,46.0
P32_C02_ACT104_FGFR,PLATE_32,1,246.0932583374997,125.3495145631068,1.0,0.9830983461224041,98.0
P32_C02_ACT104_FGFR,PLATE_32,1,299.8959926251663,114.7394366197183,1.0,0.9544156729862723,86.0
P32_C02_ACT104_FGFR,PLATE_32,1,81.11579114859573,76.21621621621621,1.0,0.9711034221305946,70.0
P32_C02_ACT104_FGFR,PLATE_32,0,151.35176396215974,69.29729729729729,1.0,0.4563223103008921,59.0
P32_C02_ACT104_FGFR,PLATE_32,1,712.9428010518001,84.98387096774194,1.0,0.9273817952723582,59.0
P32_C02_ACT104_FGFR,PLATE_32,1,85.70784031963599,90.72093023255815,1.0,0.9784750517359226,63.0
P32_C02_ACT104_FGFR,PLATE_32,1,159.65089858698445,137.05633802816902,1.0,0.9851495135855889,129.5
P32_C02_ACT104_FGFR,PLATE_32,1,569.106684210115,136.2084210526316,1.0,0.5716829862535352,125.0
P32_C02_ACT104_FGFR,PLATE_32,1,131.24862437933896,126.32307692307693,1.0,0.7524828657675302,109.0
P32_C02_ACT104_FGFR,PLATE_32,1,85.4067820930434,121.02702702702703,1.0,0.9919947367599211,102.0
P32_C02_ACT104_FGFR,PLATE_32,1,160.00548647168276,84.55882352941177,1.0,0.9748063038723722,68.0
P32_C02_ACT104_FGFR,PLATE_32,1,91.33588652474516,95.0,1.0,0.5513573597866515,71.0
P32_C02_ACT104_FGFR,PLATE_32,1,307.09378027908053,113.05343511450381,1.0,0.9889932667481893,88.0
P32_C02_ACT104_FGFR,PLATE_32,0,109.24089341958359,66.68,1.0,0.5769976431369794,52.0
P32_C02_ACT104_FGFR,PLATE_32,1,297.2608695294441,137.48728813559322,1.0,0.522002017659751,150.0
P32_C02_ACT104_FGFR,PLATE_32,1,326.5344691875657,117.82119205298014,1.0,0.9630803599206244,102.5
P32_C02_ACT104_FGFR,PLATE_32,1,95.84287076188576,71.23809523809524,1.0,0.9663472328395475,55.25
P32_C02_ACT104_FGFR,PLATE_32,1,83.01631482892854,110.86486486486487,1.0,0.9833407649575356,66.0
P32_C02_ACT104_FGFR,PLATE_32,0,145.4898171689348,64.94366197183099,1.0,0.6271328105975194,51.0
P32_C02_ACT104_FGFR,PLATE_32,1,104.1391910216067,101.41509433962264,1.0,0.9892473201987465,63.0
P32_C02_ACT104_FGFR,PLATE_32,1,91.26610400675882,73.64444444444445,1.0,0.9655198757439568,48.0
P32_C02_ACT104_FGFR,PLATE_32,0,516.6573297219035,89.31557377049181,1.0,0.5029109692150797,62.0
P32_C02_ACT104_FGFR,PLATE_32,1,160.48856744926115,76.64102564102564,1.0,0.17188905656466089,51.5
P32_C02_ACT104_FGFR,PLATE_32,1,82.05449145874778,101.29729729729729,1.0,0.9825492310011796,56.0
P32_C02_ACT104_FGFR,PLATE_32,1,133.44596140578605,126.87692307692308,1.0,0.7565638345909438,112.0
P32_C02_ACT104_FGFR,PLATE_32,1,98.66500326807272,55.42553191489362,1.0,0.9906192299304885,53.0
P32_C02_ACT104_FGFR,PLATE_32,1,420.9235560145707,127.53376205787781,1.0,0.3978594801375403,112.0
P32_C02_ACT104_FGFR,PLATE_32,1,111.81788310169803,106.55357142857143,1.0,0.9936921757417841,68.75
P32_C02_ACT104_FGFR,PLATE_32,1,163.89199775399288,106.17391304347827,1.0,0.9750697699593232,82.0
P32_C02_ACT104_FGFR,PLATE_32,0,122.62903098612193,113.875,1.0,0.2117076989251626,83.0
P32_C02_ACT104_FGFR,PLATE_32,1,106.2043459144156,71.73076923076923,1.0,0.9894220457186772,53.0
P32_C02_ACT104_FGFR,PLATE_32,1,123.80327807299545,46.86666666666667,1.0,0.5999559266520037,41.0
P32_C02_ACT104_FGFR,PLATE_32,1,239.0260877749048,93.34188034188034,1.0,0.9904991960637386,52.0
P32_C02_ACT104_FGFR,PLATE_32,1,285.8703605575108,94.47445255474453,1.0,0.8507766994194396,72.0
P32_C02_ACT104_FGFR,PLATE_32,1,372.9795819050186,78.26627218934911,1.0,0.8357546639214243,62.0
P32_C02_ACT104_FGFR,PLATE_32,1,87.52517811944195,127.79545454545455,1.0,0.891172136702843,112.75
P32_C02_ACT104_FGFR,PLATE_32,0,806.2437246815222,101.28455284552845,1.0,0.6148046090691482,79.0
P32_C02_ACT104_FGFR,PLATE_32,0,1316.7022907431133,125.19331742243436,0.9928400954653938,0.3896933484808808,103.0
P32_C02_ACT104_FGFR,PLATE_32,1,112.8365076381487,90.0,1.0,0.9728455293257229,51.0
P32_C02_ACT104_FGFR,PLATE_32,1,122.14315826707823,109.0,1.0,0.27848225955491795,74.5
P32_C02_ACT104_FGFR,PLATE_32,1,361.5702495377461,114.03184713375796,1.0,0.9825411615943949,86.0
P32_C02_ACT104_FGFR,PLATE_32,1,207.3303984398643,90.125,1.0,0.9873472938838915,57.5
P32_C02_ACT104_FGFR,PLATE_32,1,144.8600393246784,69.15714285714286,1.0,0.7950394113380821,53.0
P32_C02_ACT104_FGFR,PLATE_32,1,140.56858848831772,69.82857142857142,1.0,0.9818302472615278,48.0
P32_C02_ACT104_FGFR,PLATE_32,0,89.81949829862839,103.8048780487805,1.0,0.5634224714467457,85.0
P32_C02_ACT104_FGFR,PLATE_32,1,153.73841196211126,101.52112676056338,1.0,0.9711847790801209,69.5
P32_C02_ACT104_FGFR,PLATE_32,1,200.2414577366099,75.05494505494505,1.0,0.8804272855892471,59.5
P32_C02_ACT104_FGFR,PLATE_32,1,168.33858518632934,64.78666666666666,1.0,0.9918348060599584,53.5
P32_C02_ACT104_FGFR,PLATE_32,1,220.0166933986231,110.36633663366337,1.0,0.934315808856446,69.0
P32_C02_ACT104_FGFR,PLATE_32,0,622.8217895084063,87.65878378378379,1.0,0.4143214791309375,58.75
P32_C02_ACT104_FGFR,PLATE_32,0,124.87275601048506,68.72222222222223,1.0,0.9781753504868871,49.0
P32_C02_ACT104_FGFR,PLATE_32,1,304.1770965891274,96.14285714285714,1.0,0.9794772844940813,58.0
P32_C02_ACT104_FGFR,PLATE_32,0,553.1059704325028,93.7433962264151,1.0,0.4449594558371482,70.0
P32_C02_ACT104_FGFR,PLATE_32,1,321.94404213332757,117.61923076923077,1.0,0.33240816884968255,94.0
P32_C02_ACT104_FGFR,PLATE_32,1,545.7680728533287,78.51867219917013,1.0,0.3392440822134483,49.0
P32_C02_ACT104_FGFR,PLATE_32,1,103.62282749306875,81.27272727272727,1.0,0.9903757248102937,63.0
P32_C02_ACT104_FGFR,PLATE_32,1,157.36678039172287,115.36764705882354,1.0,0.99231217616579,72.0
P32_C02_ACT104_FGFR,PLATE_32,1,343.93808466058,114.25694444444444,1.0,0.9740125183595162,78.75
P32_C02_ACT104_FGFR,PLATE_32,1,246.1361170941978,80.10185185185185,1.0,0.9713388626537881,52.0
P32_C02_ACT104_FGFR,PLATE_32,0,166.1762823214814,56.098765432098766,1.0,0.16849576611559852,43.0
P32_C02_ACT104_FGFR,PLATE_32,1,399.44904842633645,127.95402298850574,1.0,0.9746936924871833,103.25
P32_C02_ACT104_FGFR,PLATE_32,1,170.8223461733382,121.07894736842105,1.0,0.9870430828118838,91.0
P32_C02_ACT104_FGFR,PLATE_32,1,384.57332053987705,106.48850574712644,1.0,0.9478206007767024,83.0
P32_C02_ACT104_FGFR,PLATE_32,0,591.7233010619004,105.4568345323741,1.0,0.7319794744740793,74.0
P32_C02_ACT104_FGFR,PLATE_32,1,274.88829359894896,124.64925373134328,1.0,0.9803695580636684,98.25
P32_C02_ACT104_FGFR,PLATE_32,1,122.0742187838716,67.98181818181818,1.0,0.9157542253861473,58.0
P32_C02_ACT104_FGFR,PLATE_32,1,318.0818678520002,96.2012987012987,1.0,0.9846459420745693,60.5
P32_C02_ACT104_FGFR,PLATE_32,1,149.4932225228128,98.32352941176471,1.0,0.8475065663820367,78.0
P32_C02_ACT104_FGFR,PLATE_32,1,101.79611097306363,113.82222222222222,1.0,0.9455652979919361,55.0
P32_C02_ACT104_FGFR,PLATE_32,0,80.96964997819921,72.86842105263158,1.0,0.994563984441519,60.25
P32_C02_ACT104_FGFR,PLATE_32,1,369.7706520246777,79.64204545454545,1.0,0.7064436462695429,58.75
P32_C02_ACT104_FGFR,PLATE_32,1,127.67965174157953,138.28571428571428,1.0,0.9929486345424049,150.0
P32_C02_ACT104_FGFR,PLATE_32,1,589.468953644869,87.9659090909091,1.0,0.30982255118514807,58.0
P32_C02_ACT104_FGFR,PLATE_32,1,94.2316957531891,52.87234042553192,1.0,0.9951110069602371,45.5
P32_C02_ACT104_FGFR,PLATE_32,1,132.57775488396436,107.359375,1.0,0.5502068198634917,76.5
P32_C02_ACT104_FGFR,PLATE_32,0,531.1977239724263,69.70916334661355,1.0,0.7751029504872629,48.0
P32_C02_ACT104_FGFR,PLATE_32,0,85.63964439806534,58.94444444444444,1.0,0.9925309778834183,42.0
P32_C02_ACT104_FGFR,PLATE_32,1,152.21148922226976,123.91176470588235,1.0,0.9874180631372317,101.5
P32_C02_ACT104_FGFR,PLATE_32,1,104.9853973803378,100.40816326530613,1.0,0.9932664535435619,90.0
P32_C02_ACT104_FGFR,PLATE_32,1,82.74701511236965,74.52631578947368,1.0,0.9681608563243885,64.25
P32_C02_ACT104_FGFR,PLATE_32,1,84.8865794207886,110.02439024390245,1.0,0.9946614210086683,80.0
P32_C02_ACT104_FGFR,PLATE_32,1,192.79763539031492,127.94318181818181,1.0,0.9417694486484204,106.0
P32_C02_ACT104_FGFR,PLATE_32,0,320.1805433501861,75.81944444444444,1.0,0.9494026693080158,47.75
P32_C02_ACT104_FGFR,PLATE_32,1,201.85165433124885,84.69791666666667,1.0,0.9552360374789521,64.75
P32_C02_ACT104_FGFR,PLATE_32,1,139.4139952909097,77.46153846153847,1.0,0.9890255919961861,46.0
P32_C02_ACT104_FGFR,PLATE_32,1,373.4070119231318,99.44886363636364,1.0,0.602107192685261,77.0
P32_C02_ACT104_FGFR,PLATE_32,0,124.71007730790743,59.63157894736842,1.0,0.6853908235049481,47.0
P32_C02_ACT104_FGFR,PLATE_32,1,126.48793853593791,125.93103448275862,1.0,0.993566527920568,107.75
P32_C02_ACT104_FGFR,PLATE_32,1,248.94330396402432,108.27102803738318,1.0,0.3821200667339051,86.0
P32_C02_ACT104_FGFR,PLATE_32,1,105.74479318567425,109.35849056603773,1.0,0.9806314799823862,89.0
P32_C02_ACT104_FGFR,PLATE_32,1,484.2176699637621,71.83870967741936,1.0,0.9670743576681471,55.0
P32_C02_ACT104_FGFR,PLATE_32,0,126.22296067550502,97.66666666666667,1.0,0.8825666815046229,57.0
P32_C02_ACT104_FGFR,PLATE_32,1,139.28754164458692,112.02857142857142,1.0,0.9911723418570639,87.0
P32_C02_ACT104_FGFR,PLATE_32,1,327.13316877495555,97.640522875817,1.0,0.9804276881939202,79.0
P32_C02_ACT104_FGFR,PLATE_32,1,299.16731592948105,91.56164383561644,1.0,0.9699160895367115,56.25
P32_C02_ACT104_FGFR,PLATE_32,1,114.00999571079446,88.85454545454546,1.0,0.978367841422931,53.0
P32_C02_ACT104_FGFR,PLATE_32,1,179.65204126067835,101.10975609756098,1.0,0.807787311800155,76.0
P32_C02_ACT104_FGFR,PLATE_32,1,311.32703336332764,85.62937062937063,1.0,0.7011559425829925,50.0
P32_C02_ACT104_FGFR,PLATE_32,1,369.7152658460219,84.2202380952381,1.0,0.9351280331873858,58.75
P32_C02_ACT104_FGFR,PLATE_32,0,103.72697207266268,67.0,1.0,0.9592853891767104,48.75
P32_C02_ACT104_FGFR,PLATE_32,0,660.3702885589504,78.84761904761905,1.0,0.5353780141521433,57.0
P32_C02_ACT104_FGFR,PLATE_32,1,239.0060167709824,82.94642857142857,1.0,0.7754964633987966,73.0
P32_C02_ACT104_FGFR,PLATE_32,1,113.39467381466514,112.44642857142857,1.0,0.9778883476156005,80.0
P32_C02_ACT104_FGFR,PLATE_32,1,282.59413167944155,98.96350364963503,1.0,0.7732807360827213,67.0
P32_C02_ACT104_FGFR,PLATE_32,1,145.62585051390408,90.56060606060606,1.0,0.8789916470096468,60.0
P32_C02_ACT104_FGFR,PLATE_32,1,96.0893819513705,77.75,1.0,0.9007898508217543,56.75
P32_C02_ACT104_FGFR,PLATE_32,1,301.0807329705238,75.09420289855072,1.0,0.9274946974919667,45.25
P32_C02_ACT104_FGFR,PLATE_32,1,112.39748903504524,78.20370370370371,1.0,0.6562099944719055,60.75
P32_C02_ACT104_FGFR,PLATE_32,1,173.72197136329817,84.8625,1.0,0.9834389836432155,66.0
P32_C02_ACT104_FGFR,PLATE_32,1,158.7059372919427,109.33333333333333,1.0,0.4412922816538392,85.0
P32_C02_ACT104_FGFR,PLATE_32,1,273.56987664619624,101.86178861788618,1.0,0.4495514647672318,71.0
P32_C02_ACT104_FGFR,PLATE_32,1,155.64512684805987,117.87671232876713,1.0,0.9950257815708424,99.0
P32_C02_ACT104_FGFR,PLATE_32,1,242.19610000091743,67.38392857142857,1.0,0.9344426266057444,48.75
P32_C02_ACT104_FGFR,PLATE_32,1,82.35886732364116,89.35,1.0,0.7548564737440545,57.5
P32_C02_ACT104_FGFR,PLATE_32,1,137.10976118834017,111.89855072463769,1.0,0.9921473353330168,82.0
P32_C02_ACT104_FGFR,PLATE_32,1,104.55273923994709,113.9,1.0,0.9721085101837523,88.75
P32_C02_ACT104_FGFR,PLATE_32,1,143.8453256879681,124.04347826086956,1.0,0.9847450992664739,95.0
P32_C02_ACT104_FGFR,PLATE_32,1,176.4358192808251,121.46153846153847,1.0,0.9885530596121812,96.0
P32_C02_ACT104_FGFR,PLATE_32,1,154.7610579509753,110.11111111111111,1.0,0.7680851895869621,77.25
P32_C02_ACT104_FGFR,PLATE_32,1,85.88994462261363,66.09756097560975,1.0,0.9947618179122697,52.0
P32_C02_ACT104_FGFR,PLATE_32,1,273.08135718574056,96.96610169491525,1.0,0.9829284966423038,70.0
P32_C02_ACT104_FGFR,PLATE_32,1,187.6085075418065,57.54545454545455,1.0,0.32492664333427757,39.0
P32_C02_ACT104_FGFR,PLATE_32,1,124.47990419926455,124.69642857142857,1.0,0.9916318980375243,105.0
P32_C02_ACT104_FGFR,PLATE_32,1,80.80146750349098,140.4102564102564,1.0,0.9695245557681357,141.0
P32_C02_ACT104_FGFR,PLATE_32,0,164.48979142269422,80.60810810810811,1.0,0.9181712559668014,57.0
P32_C02_ACT104_FGFR,PLATE_32,1,103.07802401890785,104.98,1.0,0.9743981531649654,89.0
P32_C02_ACT104_FGFR,PLATE_32,1,548.6240624301892,104.36585365853658,1.0,0.9506397872879877,64.0
P32_C02_ACT104_FGFR,PLATE_32,0,120.6698142214611,81.26315789473684,1.0,0.6485663354785681,56.0
P32_C02_ACT104_FGFR,PLATE_32,0,945.7312955704515,73.07239819004525,0.9796380090497737,0.435384989313946,48.0
P32_C02_ACT104_FGFR,PLATE_32,1,173.72866354839198,57.282051282051285,1.0,0.9767242711584987,46.0
P32_C02_ACT104_FGFR,PLATE_32,1,82.04364205750781,94.3157894736842,1.0,0.975776162915671,67.5
P32_C02_ACT104_FGFR,PLATE_32,1,211.650501137875,97.27551020408163,1.0,0.9905579794807668,69.0
P32_C02_ACT104_FGFR,PLATE_32,1,160.52739303676577,139.64,1.0,0.9960330418732305,142.0
P32_C02_ACT104_FGFR,PLATE_32,1,228.94548330127674,84.88288288288288,1.0,0.9785743389131009,49.0
P32_C02_ACT104_FGFR,PLATE_32,0,185.26211780510482,99.0,1.0,0.9509402802333639,61.5
P32_C02_ACT104_FGFR,PLATE_32,1,259.07062709014434,74.68695652173913,1.0,0.7802545666450441,51.0
P32_C02_ACT104_FGFR,PLATE_32,1,146.12236595526457,95.45454545454545,1.0,0.9763559777318277,55.75
P32_C02_ACT104_FGFR,PLATE_32,1,506.87671242222774,101.79565217391304,1.0,0.4579855260896012,77.0
P32_C02_ACT104_FGFR,PLATE_32,1,190.89593465096831,76.89411764705882,1.0,0.9531831407260646,58.0
P32_C02_ACT104_FGFR,PLATE_32,1,636.8314449121758,81.8487972508591,1.0,0.909200977110063,61.0
P32_C02_ACT104_FGFR,PLATE_32,1,276.0991804356403,86.37037037037037,1.0,0.9865636930823233,50.0
P32_C02_ACT104_FGFR,PLATE_32,1,615.5766918455025,84.52797202797203,1.0,0.49768907512865446,57.0
P32_C02_ACT104_FGFR,PLATE_32,1,121.35516646200337,73.10169491525424,1.0,0.4067892750511496,49.0
P32_C02_ACT104_FGFR,PLATE_32,1,97.83832064245762,53.63636363636363,1.0,0.9711510534710146,46.0
P32_C02_ACT104_FGFR,PLATE_32,1,91.30087289498331,94.02272727272727,1.0,0.9856300969481502,61.25
P32_C02_ACT104_FGFR,PLATE_32,1,304.65136324212517,123.5625,1.0,0.9829854631006889,101.0
P32_C02_ACT104_FGFR,PLATE_32,1,266.30246829621586,103.77118644067797,1.0,0.43833787759045356,68.25
P32_C02_ACT104_FGFR,PLATE_32,0,191.15303617778136,97.97701149425288,1.0,0.8040049935935515,78.5
P32_C02_ACT104_FGFR,PLATE_32,1,128.337754418535,130.6290322580645,1.0,0.9506485355349136,116.0
P32_C02_ACT104_FGFR,PLATE_32,1,162.60863937209206,138.25974025974025,1.0,0.9947564268083929,133.0
P32_C02_ACT104_FGFR,PLATE_32,1,83.20547951559635,72.73170731707317,1.0,0.9910658888384413,48.0
P32_C02_ACT104_FGFR,PLATE_32,0,1057.3920397734507,91.19688109161794,1.0,0.6254082891518512,65.0
P32_C02_ACT104_FGFR,PLATE_32,1,445.64595048475144,142.64858490566039,1.0,0.1584201003587298,150.0
P32_C02_ACT104_FGFR,PLATE_32,1,291.19788444950217,78.08208955223881,1.0,0.5288611454377803,62.0
P32_C02_ACT104_FGFR,PLATE_32,1,266.72011591889924,85.65833333333333,1.0,0.9708888801162137,61.0
P32_C02_ACT104_FGFR,PLATE_32,1,246.91622949406297,79.92792792792793,1.0,0.8213527551000581,57.0
P32_C02_ACT104_FGFR,PLATE_32,0,1243.4504491383923,100.5774647887324,1.0,0.501427782566815,68.0
P32_C02_ACT104_FGFR,PLATE_32,1,134.60719232869383,71.22222222222223,1.0,0.9569320574661365,49.0
P32_C02_ACT104_FGFR,PLATE_32,1,89.66210024238578,84.71111111111111,1.0,0.9966176005970693,80.0
P32_C02_ACT104_FGFR,PLATE_32,0,187.11242991044483,93.3452380952381,1.0,0.794319490688295,77.5
P32_C02_ACT104_FGFR,PLATE_32,1,147.75310651199055,68.8970588235294,1.0,0.712704615049541,53.0
P32_C02_ACT104_FGFR,PLATE_32,1,186.7937890201306,104.0875,1.0,0.9790461602948195,74.0
P32_C02_ACT104_FGFR,PLATE_32,1,153.52151721280754,70.51351351351352,1.0,0.8825102754014263,56.0
P32_C02_ACT104_FGFR,PLATE_32,0,611.6391072864678,106.04561403508772,1.0,0.41878370336720583,76.0
P32_C02_ACT104_FGFR,PLATE_32,1,123.3271661837313,82.0909090909091,1.0,0.7301715340208698,59.0
P32_C02_ACT104_FGFR,PLATE_32,1,197.29993545950734,116.77551020408163,1.0,0.989953136457722,84.0
P32_C02_ACT104_FGFR,PLATE_32,1,514.3804303431154,136.21847246891653,1.0,0.31223466761073443,130.0
P32_C02_ACT104_FGFR,PLATE_32,1,400.04056150513253,80.3763440860215,1.0,0.8332409228641386,55.0
P32_C02_ACT104_FGFR,PLATE_32,1,458.578231639623,107.17435897435898,1.0,0.8129479091479872,56.0
P32_C02_ACT104_FGFR,PLATE_32,1,283.91526640647675,94.45,1.0,0.9921606153387176,65.0
P32_C02_ACT104_FGFR,PLATE_32,1,129.84695542565854,139.7258064516129,1.0,0.9451378010793786,149.0
P32_C02_ACT104_FGFR,PLATE_32,1,481.4662225658358,120.34722222222223,1.0,0.3834562534788225,99.75
P32_C02_ACT104_FGFR,PLATE_32,1,167.1615080064535,86.17283950617283,1.0,0.9122080002485276,55.0
P32_C02_ACT104_FGFR,PLATE_32,1,196.14160400114287,80.57142857142857,1.0,0.9075935421315058,52.0
P32_C02_ACT104_FGFR,PLATE_32,0,435.43817348606,113.16336633663366,1.0,0.45223128555846304,73.0
P32_C02_ACT104_FGFR,PLATE_32,1,317.25823283940343,113.0,1.0,0.9293342412108339,76.0
P32_C02_ACT104_FGFR,PLATE_32,1,377.56310254447516,102.76536312849161,1.0,0.56187645909242,76.5
P32_C02_ACT104_FGFR,PLATE_32,1,274.18314045752555,112.14655172413794,1.0,0.973774349555892,78.0
P32_C02_ACT104_FGFR,PLATE_32,1,129.3662769221187,91.89285714285714,1.0,0.9803687357139133,61.75
P32_C02_ACT104_FGFR,PLATE_32,0,115.8840537942907,106.08620689655173,1.0,0.9922211349676283,79.0
P32_C02_ACT104_FGFR,PLATE_32,1,189.89423942146618,107.97826086956522,1.0,0.9949703804452837,57.0
P32_C02_ACT104_FGFR,PLATE_32,1,209.67488453804359,114.2967032967033,1.0,0.9894980519597012,77.0
P32_C02_ACT104_FGFR,PLATE_32,1,216.61427777894778,93.94392523364486,1.0,0.9880821798794879,71.0
P32_C02_ACT104_FGFR,PLATE_32,1,259.7785302816733,81.57142857142857,1.0,0.994152823477689,60.0
P32_C02_ACT104_FGFR,PLATE_32,1,231.3582639652796,94.63636363636364,1.0,0.9849725887128629,59.0
P32_C02_ACT104_FGFR,PLATE_32,1,103.35797919222512,78.47058823529412,1.0,0.9886146418379097,55.5
P32_C02_ACT104_FGFR,PLATE_32,1,235.14618318272287,114.62745098039215,1.0,0.9801928668908844,94.25
P32_C02_ACT104_FGFR,PLATE_32,0,98.34103071849428,55.319148936170215,1.0,0.698390273449258,40.0
P32_C02_ACT104_FGFR,PLATE_32,0,601.651142879232,86.9812734082397,1.0,0.6835385465214692,46.0
P32_C02_ACT104_FGFR,PLATE_32,1,252.4325792348681,94.6822429906542,1.0,0.2683574300238449,64.5
P32_C02_ACT104_FGFR,PLATE_32,1,202.0081430785479,107.44318181818181,1.0,0.9677289596023134,75.75
P32_C02_ACT104_FGFR,PLATE_32,1,360.53868944424346,76.95808383233533,1.0,0.23523565791827666,53.0
P32_C02_ACT104_FGFR,PLATE_32,1,102.24148735748885,95.95652173913044,1.0,0.9200680267105004,64.5
P32_C02_ACT104_FGFR,PLATE_32,0,347.1204329868105,103.29629629629629,1.0,0.38435259916356684,68.0
P32_C02_ACT104_FGFR,PLATE_32,1,786.2087732309787,139.28598848368523,1.0,0.0,135.0
P32_C02_ACT104_FGFR,PLATE_32,1,212.11763914327884,72.65306122448979,1.0,0.9291605836032432,57.0
P32_C02_ACT104_FGFR,PLATE_32,1,140.78925387215955,51.44615384615385,1.0,0.4393422557160092,42.0
P32_C02_ACT104_FGFR,PLATE_32,1,408.18286119817043,83.28571428571429,1.0,0.9122810682000002,55.0
P32_C02_ACT104_FGFR,PLATE_32,1,379.8185280076494,88.40697674418605,1.0,0.9025560916418833,65.0
P32_C02_ACT104_FGFR,PLATE_32,1,95.88989640822638,62.57446808510638,1.0,0.7387414696134992,38.0
P32_C02_ACT104_FGFR,PLATE_32,1,287.1386984022271,107.336,1.0,0.9417621071785908,60.0
P32_C02_ACT104_FGFR,PLATE_32,0,114.96273043551362,64.4,1.0,0.9388709307418451,45.5
P32_C02_ACT104_FGFR,PLATE_32,1,236.99788178070497,125.09,1.0,0.9910042968813806,97.25
P32_C02_ACT104_FGFR,PLATE_32,1,124.12577699731952,67.09836065573771,1.0,0.9764143092333363,48.0
P32_C02_ACT104_FGFR,PLATE_32,1,859.6185107670068,82.01732673267327,1.0,0.20862471908809782,55.0
P32_C02_ACT104_FGFR,PLATE_32,0,379.88857094446536,93.10227272727273,1.0,0.7853057465293887,68.0
P32_C02_ACT104_FGFR,PLATE_32,1,132.25331620128344,56.983870967741936,1.0,0.9089235435031499,46.75
P32_C02_ACT104_FGFR,PLATE_32,1,84.5875175610085,106.23076923076923,1.0,0.9950929460173215,86.0
P32_C02_ACT104_FGFR,PLATE_32,1,161.52372308304558,124.76,1.0,0.916294990697596,110.0
P32_C02_ACT104_FGFR,PLATE_32,1,306.22157520464674,92.82236842105263,1.0,0.9837292081251411,73.75
P32_C02_ACT104_FGFR,PLATE_32,0,1112.9718751999194,82.86274509803921,1.0,0.9305501160886909,55.0
P32_C02_ACT104_FGFR,PLATE_32,1,347.865225243317,92.59036144578313,1.0,0.9904126362532037,75.0
P32_C02_ACT104_FGFR,PLATE_32,1,120.85213847388876,118.24074074074075,1.0,0.9919830801427447,85.5
P32_C02_ACT104_FGFR,PLATE_32,1,277.9236694708311,99.26515151515152,1.0,0.956535798798784,76.0
P32_C02_ACT104_FGFR,PLATE_32,1,133.74481856897077,62.766666666666666,1.0,0.9495989325474885,48.0
P32_C02_ACT104_FGFR,PLATE_32,1,184.7855204663003,64.14606741573034,1.0,0.9858321413678334,44.0
P32_C02_ACT104_FGFR,PLATE_32,1,218.81593660713693,122.53191489361703,1.0,0.9888644308168678,99.75
P32_C02_ACT104_FGFR,PLATE_32,0,106.90474092950504,120.37037037037037,1.0,0.9822273632001894,82.0
P32_C02_ACT104_FGFR,PLATE_32,1,280.6825171661735,118.50381679389314,1.0,0.4912196098062124,91.0
P32_C02_ACT104_FGFR,PLATE_32,1,347.24058186255445,94.27631578947368,1.0,0.994448574332131,55.0
P32_C02_ACT104_FGFR,PLATE_32,1,355.5673476424244,85.9281045751634,1.0,0.7119445284929763,64.0
P32_C02_ACT104_FGFR,PLATE_32,1,429.49846833042767,96.26470588235294,1.0,0.32101804017545416,68.0
P32_C02_ACT104_FGFR,PLATE_32,0,180.17083524264066,112.83720930232558,1.0,0.9721246403677096,75.25
P32_C02_ACT104_FGFR,PLATE_32,1,134.6468184404481,112.36065573770492,1.0,0.9938928636045778,72.0
P32_C02_ACT104_FGFR,PLATE_32,1,302.5339020872373,91.76923076923077,1.0,0.20488238984658833,71.0
P32_C02_ACT104_FGFR,PLATE_32,1,238.01516039264496,67.00847457627118,1.0,0.9731510213715233,49.0
P32_C02_ACT104_FGFR,PLATE_32,1,112.93457326676845,91.51020408163265,1.0,0.9971255304497333,66.0
P32_C02_ACT104_FGFR,PLATE_32,0,91.707127323004,55.06818181818182,1.0,0.9901300477704325,43.0
P32_C02_ACT104_FGFR,PLATE_32,1,127.66357346931953,68.79032258064517,1.0,0.9841052289399379,55.0
P32_C02_ACT104_FGFR,PLATE_32,1,205.27945646658515,64.83838383838383,1.0,0.9903705584416069,43.0
P32_C02_ACT104_FGFR,PLATE_32,1,305.89703634854675,96.1056338028169,1.0,0.9757021735168471,72.0
P32_C02_ACT104_FGFR,PLATE_32,1,170.52119495372096,105.91666666666667,1.0,0.982453248670637,82.0
P32_C02_ACT104_FGFR,PLATE_32,1,92.6436328326941,81.0,1.0,0.9942837614827165,71.25
P32_C02_ACT104_FGFR,PLATE_32,1,452.4185619470073,78.07692307692308,1.0,0.9703630385112859,55.0
P32_C02_ACT104_FGFR,PLATE_32,0,97.31086825574002,76.3409090909091,1.0,0.9391476913985523,52.0
P32_C02_ACT104_FGFR,PLATE_32,1,174.25936013665867,78.80952380952381,1.0,0.9545025023454022,56.0
P32_C02_ACT104_FGFR,PLATE_32,0,367.6071232366537,82.50574712643679,1.0,0.3824797373451186,53.0
P32_C02_ACT104_FGFR,PLATE_32,1,97.37119240262099,107.70731707317073,1.0,0.9881085187437852,75.0
P32_C02_ACT104_FGFR,PLATE_32,1,108.60817386588224,106.67924528301887,1.0,0.9827805144304859,69.0
P32_C02_ACT104_FGFR,PLATE_32,0,381.1720914244827,109.09139784946237,1.0,0.9424454601152015,86.25
P32_C02_ACT104_FGFR,PLATE_32,0,673.7791753076276,99.15562913907284,1.0,0.7448457196075673,63.0
P32_C02_ACT104_FGFR,PLATE_32,1,391.02904685974744,74.49214659685863,1.0,0.9619767965128538,49.0
P32_C02_ACT104_FGFR,PLATE_32,1,148.26154782290695,59.36619718309859,1.0,0.9896770176139151,50.0
P32_C02_ACT104_FGFR,PLATE_32,1,108.8173196978884,87.47058823529412,1.0,0.9823111764677733,58.0
P32_C02_ACT104_FGFR,PLATE_32,0,88.5264121456346,68.1,1.0,0.9746742393953068,50.0
P32_C02_ACT104_FGFR,PLATE_32,1,186.74110654790192,114.17721518987342,1.0,0.9874726500158669,93.5
P32_C02_ACT104_FGFR,PLATE_32,1,460.3646376369876,93.56053811659193,1.0,0.12383394942665027,70.0
P32_C02_ACT104_FGFR,PLATE_32,1,134.0921002901617,99.98484848484848,1.0,0.9779646400550827,62.75
P32_C02_ACT104_FGFR,PLATE_32,1,169.22640290775743,90.1219512195122,1.0,0.9705021527141573,73.5
P32_C02_ACT104_FGFR,PLATE_32,1,206.22801437237658,122.74226804123711,1.0,0.942479300953083,106.0
P32_C02_ACT104_FGFR,PLATE_32,1,122.73320054616258,111.7457627118644,1.0,0.6875082867832392,102.5
P32_C02_ACT104_FGFR,PLATE_32,1,162.74489511158072,110.88461538461539,1.0,0.7557840749208697,85.0
P32_C02_ACT104_FGFR,PLATE_32,1,135.12584658432925,72.66176470588235,1.0,0.986046619772936,47.75
P32_C02_ACT104_FGFR,PLATE_32,1,183.50217382821452,82.1375,1.0,0.9897306752453248,55.0
P32_C02_ACT104_FGFR,PLATE_32,0,383.9437284513072,99.02366863905326,1.0,0.3033152820193836,71.0
P32_C02_ACT104_FGFR,PLATE_32,0,124.25195974850017,106.8360655737705,1.0,0.9833919674198326,74.0
P32_C02_ACT104_FGFR,PLATE_32,0,91.94506419197043,89.3913043478261,1.0,0.9818016068834664,75.25
P32_C02_ACT104_FGFR,PLATE_32,0,98.16137047322945,111.41463414634147,1.0,0.9944502249600944,79.0
P32_C02_ACT104_FGFR,PLATE_32,0,417.2673605883332,98.38805970149254,1.0,0.27134985750647056,73.0
P32_C02_ACT104_FGFR,PLATE_32,1,544.1424247726812,118.61811023622047,1.0,0.8418779648083109,93.0
P32_C02_ACT104_FGFR,PLATE_32,1,220.62957422303737,122.36538461538461,1.0,0.9967858612522056,89.25
P32_C02_ACT104_FGFR,PLATE_32,1,338.19046577328567,102.3051948051948,1.0,0.96731306890545,60.0
P32_C02_ACT104_FGFR,PLATE_32,0,106.07035693443105,90.32,1.0,0.9875717524871477,63.5
P32_C02_ACT104_FGFR,PLATE_32,1,175.64293414851113,75.74358974358974,1.0,0.9910550919706114,59.0
P32_C02_ACT104_FGFR,PLATE_32,1,280.57210276630235,64.744,1.0,0.9750138753196809,42.0
P32_C02_ACT104_FGFR,PLATE_32,1,211.28573599175533,114.55319148936171,1.0,0.9451289378712091,82.25
P32_C02_ACT104_FGFR,PLATE_32,1,269.47198787693,121.95121951219512,1.0,0.3726699071180469,96.0
P32_C02_ACT104_FGFR,PLATE_32,1,104.73191924628848,71.50943396226415,1.0,0.9890558107412835,45.0
P32_C02_ACT104_FGFR,PLATE_32,0,90.8003738096708,57.888888888888886,1.0,0.9804196319767005,50.0
P32_C02_ACT104_FGFR,PLATE_32,1,130.22379414020287,114.76666666666667,1.0,0.9650325744217851,99.25
P32_C02_ACT104_FGFR,PLATE_32,1,142.5388445559723,95.35820895522389,1.0,0.7592780370797728,65.5
P32_C02_ACT104_FGFR,PLATE_32,0,91.38328499929926,67.0,1.0,0.9704710793879218,58.0
P32_C02_ACT104_FGFR,PLATE_32,1,154.39868746969682,79.46376811594203,1.0,0.9663372718678186,49.0
P32_C02_ACT104_FGFR,PLATE_32,1,88.60824428714248,64.39024390243902,1.0,0.8961246299735476,49.0
P32_C02_ACT104_FGFR,PLATE_32,0,190.88834480195985,92.91578947368421,1.0,0.974391601503846,59.5
P32_C02_ACT104_FGFR,PLATE_32,1,211.31484725840937,73.0673076923077,1.0,0.9795923861029445,50.0
P32_C02_ACT104_FGFR,PLATE_32,1,161.34323401696804,67.44,1.0,0.9781208468587193,55.0
P32_C02_ACT104_FGFR,PLATE_32,0,367.033642751581,98.57803468208093,1.0,0.46073835103117533,70.0
P32_C02_ACT104_FGFR,PLATE_32,1,118.00647128916316,99.77966101694915,1.0,0.9763265119894716,79.0
P32_C02_ACT104_FGFR,PLATE_32,1,213.92137029053802,116.39603960396039,1.0,0.9968663976826158,82.0
P32_C02_ACT104_FGFR,PLATE_32,1,157.0363014934955,105.46666666666667,1.0,0.9620881117373538,85.0
P32_C02_ACT104_FGFR,PLATE_32,1,516.8952180499721,108.50207468879668,1.0,0.9603436077377229,82.0
P32_C02_ACT104_FGFR,PLATE_32,1,580.73335724454,106.53846153846153,1.0,0.5631232644674588,79.0
P32_C02_ACT104_FGFR,PLATE_32,1,255.74767251270774,67.57364341085271,1.0,0.9932895639464792,43.0
P32_C02_ACT104_FGFR,PLATE_32,1,180.13234138518536,80.41111111111111,1.0,0.9921464021497426,69.0
P32_C02_ACT104_FGFR,PLATE_32,1,252.1797101442381,103.2,1.0,0.5956328699331159,76.0
P32_C02_ACT104_FGFR,PLATE_32,1,187.08370672014118,62.903225806451616,1.0,0.986779681727751,52.0
P32_C02_ACT104_FGFR,PLATE_32,1,91.16532112021585,82.35714285714286,1.0,0.982330250236938,59.5
P32_C02_ACT104_FGFR,PLATE_32,1,408.1246923363762,103.6353591160221,1.0,0.4535311761346186,74.0
P32_C02_ACT104_FGFR,PLATE_32,1,350.22525568400584,102.6470588235294,1.0,0.9682137484928411,79.0
P32_C02_ACT104_FGFR,PLATE_32,1,149.0203693076991,85.359375,1.0,0.9744087323700944,49.5
P32_C02_ACT104_FGFR,PLATE_32,1,82.80907441185812,111.4,1.0,0.9906713459923329,85.0
P32_C02_ACT104_FGFR,PLATE_32,1,270.99418133902776,96.77310924369748,1.0,0.9772191149895069,59.0
P32_C02_ACT104_FGFR,PLATE_32,0,566.0196944318683,80.82835820895522,1.0,0.5192392519670247,54.0
P32_C02_ACT104_FGFR,PLATE_32,0,272.2526714798028,78.98425196850394,1.0,0.1836896539100075,52.0
P32_C02_ACT104_FGFR,PLATE_32,0,103.02171600321262,88.43137254901961,1.0,0.339040153360062,62.5
P32_C02_ACT104_FGFR,PLATE_32,1,173.42009798082742,67.80722891566265,1.0,0.9567614722707837,53.5
P32_C02_ACT104_FGFR,PLATE_32,1,121.26105381625713,87.86,1.0,0.9904591599264257,52.0
P32_C02_ACT104_FGFR,PLATE_32,1,209.86177641794296,109.70707070707071,1.0,0.996622908544244,73.0
P32_C02_ACT104_FGFR,PLATE_32,0,90.66210024238576,64.71739130434783,1.0,0.9936770138303492,52.0
P32_C02_ACT104_FGFR,PLATE_32,1,93.50341535541928,147.6904761904762,1.0,0.9713442583037405,150.0
P32_C02_ACT104_FGFR,PLATE_32,1,124.80903940415536,112.25,1.0,0.9489009395210557,92.25
P32_C02_ACT104_FGFR,PLATE_32,1,399.13258522818,100.12371134020619,1.0,0.974948344319524,77.25
P32_C02_ACT104_FGFR,PLATE_32,1,149.58424968482046,67.34722222222223,1.0,0.9259901195240324,56.0
P32_C02_ACT104_FGFR,PLATE_32,0,155.93089169046624,60.5,1.0,0.9951052648113469,48.0
P32_C03_ACT104_EGFR,PLATE_32,1,28.723779075571898,150.0,1.0,0.9205288888251677,150.0
P32_C03_ACT104_EGFR,PLATE_32,0,1128.4184714356647,138.69170403587444,0.9820627802690582,0.1187813310588235,150.0
P32_C03_ACT104_EGFR,PLATE_32,1,154.95516515351366,147.0,1.0,0.0,150.0
P32_C03_ACT104_EGFR,PLATE_32,0,30.940251894533613,149.14705882352942,1.0,0.889270715472987,150.0
P32_C03_ACT104_EGFR,PLATE_32,1,168.03914699830545,148.24528301886792,1.0,0.0,150.0
P32_C03_ACT104_EGFR,PLATE_32,1,422.3062206974763,141.0722891566265,1.0,0.0,136.0
P32_C03_ACT104_EGFR,PLATE_32,1,141.71219298786576,138.45070422535213,1.0,0.0,123.0
P32_C03_ACT104_EGFR,PLATE_32,1,1069.302028625506,146.0479735318445,1.0,0.03464212454831028,150.0
P32_C03_ACT104_EGFR,PLATE_32,0,34.75901208910761,150.0,1.0,0.21882333917726826,150.0
P32_C03_ACT104_EGFR,PLATE_32,1,151.27866277614407,149.45192307692307,1.0,0.0,150.0
P32_C03_ACT104_EGFR,PLATE_32,1,290.62352775357607,145.12582781456953,1.0,0.0,150.0
P32_C03_ACT104_EGFR,PLATE_32,1,587.8438603657028,112.93636363636364,1.0,0.7639800413170744,85.0
P32_C03_ACT104_EGFR,PLATE_32,1,209.8560917843243,143.05405405405406,1.0,0.0,146.0
P32_C03_ACT104_EGFR,PLATE_32,1,238.5594899126773,147.8452380952381,1.0,0.0,150.0
P32_C03_ACT104_EGFR,PLATE_32,1,337.46378842390095,135.09128630705393,1.0,0.540466436036496,129.0
P32_C03_ACT104_EGFR,PLATE_32,1,402.6756651009623,145.86666666666667,1.0,0.0,150.0
P32_C03_ACT104_EGFR,PLATE_32,1,880.0208158908515,146.94901960784313,1.0,0.008438056031518563,150.0
P32_C03_ACT104_EGFR,PLATE_32,1,329.41710319706635,145.94273127753303,1.0,0.9964301095157165,150.0
P32_C03_ACT104_EGFR,PLATE_32,0,39.968035467912564,144.0392156862745,1.0,0.882453479149651,150.0
P32_C03_ACT104_EGFR,PLATE_32,1,255.25971088865847,150.0,1.0,0.0,150.0
P32_C03_ACT104_EGFR,PLATE_32,1,322.75217708097284,149.4451219512195,1.0,0.0,150.0
P32_C03_ACT104_EGFR,PLATE_32,1,303.76333371937835,149.0962441314554,1.0,0.9864696599287457,150.0
P32_C03_ACT104_EGFR,PLATE_32,1,30.177960644133172,150.0,1.0,0.9009453230852472,150.0
P32_C03_ACT104_EGFR,PLATE_32,1,338.6566571981748,149.819209039548,1.0,0.0,150.0
P32_C03_ACT104_EGFR,PLATE_32,0,1284.835791746906,117.76912568306011,1.0,0.23536289942987124,93.0
P32_C03_ACT104_EGFR,PLATE_32,1,286.0501239432315,144.32478632478632,1.0,0.6683616862240465,150.0
P32_C03_ACT104_EGFR,PLATE_32,1,655.4078210592113,130.44857768052518,1.0,0.4962579915791071,117.0
P32_C03_ACT104_EGFR,PLATE_32,0,25.634326481171975,148.46153846153845,1.0,0.9887968724018141,150.0
P32_C03_ACT104_EGFR,PLATE_32,1,59.88235961691026,149.6417910447761,1.0,0.973400571474343,150.0
P32_C03_ACT104_EGFR,PLATE_32,0,39.9455645588113,150.0,1.0,0.3437410982951255,150.0
P32_C03_ACT104_EGFR,PLATE_32,1,166.24178030391835,149.76344086021504,1.0,0.0,150.0
P32_C03_ACT104_EGFR,PLATE_32,0,183.0678666426054,150.0,1.0,0.0,150.0
P32_C03_ACT104_EGFR,PLATE_32,1,127.41646870419028,148.02272727272728,1.0,0.0,150.0
P32_C03_ACT104_EGFR,PLATE_32,1,211.64700552759746,148.79310344827587,1.0,0.0,150.0
P32_C03_ACT104_EGFR,PLATE_32,1,30.535911203612322,150.0,1.0,0.8978237945934422,150.0
P32_C03_ACT104_EGFR,PLATE_32,1,186.8575860614251,146.6422018348624,1.0,0.0,150.0
P32_C03_ACT104_EGFR,PLATE_32,1,293.64028020627825,142.54773869346732,1.0,0.0,150.0
P32_C03_ACT104_EGFR,PLATE_32,1,560.4056832215075,138.69814814814814,1.0,0.18405622333282765,150.0
P32_C03_ACT104_EGFR,PLATE_32,1,297.4511072648424,146.83009708737865,1.0,0.0,150.0
P32_C03_ACT104_EGFR,PLATE_32,0,34.807133075941785,150.0,1.0,0.5441440694181036,150.0
P32_C03_ACT104_EGFR,PLATE_32,1,379.2423769547348,146.11278195488723,1.0,0.0,150.0
P32_C03_ACT104_EGFR,PLATE_32,1,215.61847044854508,149.9558823529412,1.0,0.12673051835612387,150.0
P32_C03_ACT104_EGFR,PLATE_32,1,599.5172261457227,148.29107373868047,1.0,0.08043875302599475,150.0
P32_C03_ACT104_EGFR,PLATE_32,1,312.8484991338319,145.00641025641025,1.0,0.0,150.0
P32_C03_ACT104_EGFR,PLATE_32,1,147.02776021237622,144.02970297029702,1.0,0.0,150.0
P32_C03_ACT104_EGFR,PLATE_32,1,800.737031134289,147.51111111111112,1.0,0.0,150.0
P32_C03_ACT104_EGFR,PLATE_32,1,52.9283473746118,143.0810810810811,1.0,0.9757937570265439,136.0
P32_C03_ACT104_EGFR,PLATE_32,1,179.40771842345188,148.9777777777778,1.0,0.0,150.0
P32_C03_ACT104_EGFR,PLATE_32,1,211.73491326184754,149.3049645390071,1.0,0.0,150.0
P32_C03_ACT104_EGFR,PLATE_32,1,546.7973270209592,137.11632270168855,1.0,0.9790973993078259,150.0
P32_C03_ACT104_EGFR,PLATE_32,1,307.1382082204983,145.44761904761904,1.0,0.0,150.0
P32_C03_ACT104_EGFR,PLATE_32,1,285.6511171382062,146.12121212121212,1.0,0.0,150.0
P32_C03_ACT104_EGFR,PLATE_32,1,274.213100064964,140.14598540145985,1.0,0.0,142.0
P32_C03_ACT104_EGFR,PLATE_32,1,267.89306200182614,149.5179856115108,1.0,0.0,150.0
P32_C03_ACT104_EGFR,PLATE_32,1,346.449025659884,147.94623655913978,1.0,0.0,150.0
P32_C03_ACT104_EGFR,PLATE_32,0,37.55877277818375,135.02777777777777,1.0,0.2622610462212512,150.0
P32_C03_ACT104_EGFR,PLATE_32,1,120.50232426930627,147.88235294117646,1.0,0.0,150.0
P32_C03_ACT104_EGFR,PLATE_32,1,509.3254355562658,150.0,1.0,0.08642876428294444,150.0
P32_C03_ACT104_EGFR,PLATE_32,1,158.0482313774741,143.39240506329114,1.0,0.0,150.0
P32_C03_ACT104_EGFR,PLATE_32,1,302.6823259058716,149.49032258064517,1.0,0.03318982794267233,150.0
P32_C03_ACT104_EGFR,PLATE_32,1,414.8380673957548,139.09498680738787,0.9920844327176781,0.26157951438581617,150.0
P32_C03_ACT104_EGFR,PLATE_32,1,662.258253012133,145.67278287461772,1.0,0.06959382249524412,150.0
P32_C03_ACT104_EGFR,PLATE_32,1,673.7338495728666,147.22878787878787,1.0,0.04045781416692957,150.0
P32_C03_ACT104_EGFR,PLATE_32,1,308.8859985343162,147.96178343949043,1.0,0.04533988710086473,150.0
P32_C03_ACT104_EGFR,PLATE_32,1,29.936882023211496,149.09375,1.0,0.975132688029297,150.0
P32_C03_ACT104_EGFR,PLATE_32,1,307.12627403181307,146.8133971291866,1.0,0.0,150.0
P32_C03_ACT104_EGFR,PLATE_32,1,28.44851831932552,146.72727272727272,1.0,0.9941295739592666,150.0
P32_C03_ACT104_EGFR,PLATE_32,1,218.9952240774847,149.85775862068965,1.0,0.9939104723195026,150.0
P32_C03_ACT104_EGFR,PLATE_32,1,303.105996491982,136.45070422535213,1.0,0.0,132.0
P32_C03_ACT104_EGFR,PLATE_32,1,31.815088954827438,150.0,1.0,0.9600061158861258,150.0
P32_C03_ACT104_EGFR,PLATE_32,1,667.004284174511,140.49765990639625,1.0,0.16196248363697432,150.0
P32_C03_ACT104_EGFR,PLATE_32,1,572.8014548473989,148.0188679245283,1.0,0.0814998684994779,150.0
P32_C03_ACT104_EGFR,PLATE_32,0,25.470566779604784,142.66666666666666,1.0,0.7952383766817462,150.0
P32_C03_ACT104_EGFR,PLATE_32,1,715.0212302019027,136.03940886699507,1.0,0.07456673484152808,146.0
P32_C03_ACT104_EGFR,PLATE_32,0,40.38367601945712,150.0,1.0,0.23370351287741878,150.0
P32_C03_ACT104_EGFR,PLATE_32,1,1051.8100330036796,145.87596899224806,1.0,0.0,150.0
P32_C03_ACT104_EGFR,PLATE_32,1,135.83923847860993,145.48936170212767,1.0,0.0,150.0
P32_C03_ACT104_EGFR,PLATE_32,0,222.32318275895906,108.38418079096046,0.8248587570621468,0.982516094778818,36.0
P32_C03_ACT104_EGFR,PLATE_32,1,620.6670012531586,147.46153846153845,1.0,0.017999082873021165,150.0
P32_C03_ACT104_EGFR,PLATE_32,1,50.6608990914353,150.0,1.0,0.8533390849507213,150.0
P32_C03_ACT104_EGFR,PLATE_32,1,508.07287507420756,144.16548463356975,1.0,0.1247009590927223,150.0
P32_C03_ACT104_EGFR,PLATE_32,1,407.5363515229247,146.44927536231884,1.0,0.0,150.0
P32_C03_ACT104_EGFR,PLATE_32,0,37.09056952196301,141.55263157894737,1.0,0.999369636887667,150.0
P32_C03_ACT104_EGFR,PLATE_32,1,280.7650695565844,143.98245614035088,1.0,0.0,149.0
P32_C03_ACT104_EGFR,PLATE_32,1,321.70555904011155,140.3710407239819,1.0,0.0,129.0
P32_C03_ACT104_EGFR,PLATE_32,1,183.2589011330557,149.1315789473684,1.0,0.0,150.0
P32_C03_ACT104_EGFR,PLATE_32,0,59.642481050578134,150.0,1.0,0.9539299559003968,150.0
P32_C03_ACT104_EGFR,PLATE_32,0,918.0374173818267,125.77628635346755,1.0,0.6943260616307061,105.0
P32_C03_ACT104_EGFR,PLATE_32,1,200.2760682912006,148.01724137931035,1.0,0.9894307014020006,150.0
P32_C03_ACT104_EGFR,PLATE_32,1,256.3050107840019,133.648,1.0,0.0,112.0
P32_C03_ACT104_EGFR,PLATE_32,0,175.89984539512653,150.0,1.0,0.0,150.0
P32_C03_ACT104_EGFR,PLATE_32,1,539.0402739797162,111.84265734265735,1.0,0.9772280985969909,80.0
P32_C03_ACT104_EGFR,PLATE_32,1,325.9268239087638,150.0,1.0,0.0,150.0
P32_C03_ACT104_EGFR,PLATE_32,1,368.16606438635836,140.89622641509433,0.9811320754716981,0.15189130521822983,150.0
P32_C03_ACT104_EGFR,PLATE_32,1,457.93745330403766,142.28686327077747,1.0,0.11419767765507943,150.0
P32_C03_ACT104_EGFR,PLATE_32,1,760.971073935418,144.02105263157895,1.0,0.1769051980212609,150.0
P32_C03_ACT104_EGFR,PLATE_32,1,132.10695694030431,145.05633802816902,1.0,0.0,150.0
P32_C03_ACT104_EGFR,PLATE_32,1,718.798679123165,134.38250428816465,1.0,0.08094954890718062,141.0
P32_C03_ACT104_EGFR,PLATE_32,0,302.9285904086347,142.02461538461537,0.9907692307692307,0.2680726147593041,150.0
P32_C03_ACT104_EGFR,PLATE_32,1,664.5059511702075,147.76533742331287,1.0,0.03947290024901613,150.0
P32_C03_ACT104_EGFR,PLATE_32,1,844.2342115636727,147.2292576419214,1.0,0.11660527536859046,150.0
P32_C03_ACT104_EGFR,PLATE_32,1,248.10956887072018,149.20645161290324,1.0,0.0,150.0
P32_C03_ACT104_EGFR,PLATE_32,1,182.1266088054702,145.2037037037037,1.0,0.0,150.0
P32_C03_ACT104_EGFR,PLATE_32,0,956.7605501051221,146.8188824662813,1.0,0.08758262837456048,150.0
P32_C03_ACT104_EGFR,PLATE_32,1,284.8284956524771,108.64556962025317,1.0,0.8376185222966916,67.0
P32_C03_ACT104_EGFR,PLATE_32,1,168.82684152859983,150.0,1.0,0.0,150.0
P32_C03_ACT104_EGFR,PLATE_32,1,407.3683079839901,144.155,1.0,0.0,150.0
P32_C03_ACT104_EGFR,PLATE_32,0,26.57479496679492,148.32142857142858,1.0,0.9216962563362348,150.0
P32_C03_ACT104_EGFR,PLATE_32,1,995.4646926416879,144.6292246520875,1.0,0.21316865269303403,150.0
P32_C03_ACT104_EGFR,PLATE_32,1,27.60499573595915,150.0,1.0,0.896113114678444,150.0
P32_C03_ACT104_EGFR,PLATE_32,1,180.51776707740106,145.82692307692307,1.0,0.0,150.0
P32_C03_ACT104_EGFR,PLATE_32,1,203.0956928960472,150.0,1.0,0.9940457964520767,150.0
P32_C03_ACT104_EGFR,PLATE_32,1,179.39364533576406,146.4,1.0,0.0,145.0
P32_C03_ACT104_EGFR,PLATE_32,1,147.0359901028129,150.0,1.0,0.0,150.0
P32_C03_ACT104_EGFR,PLATE_32,0,133.02329739477733,146.85714285714286,1.0,0.0,150.0
P32_C03_ACT104_EGFR,PLATE_32,1,156.29600801157744,150.0,1.0,0.0,150.0
P32_C03_ACT104_EGFR,PLATE_32,1,52.89414041410791,149.515625,1.0,0.9749604250238871,150.0
P32_C03_ACT104_EGFR,PLATE_32,1,223.13442566864182,144.36423841059602,1.0,0.0,150.0
P32_C03_ACT104_EGFR,PLATE_32,1,379.5125237770146,144.96137339055795,1.0,0.0,150.0
P32_C03_ACT104_EGFR,PLATE_32,1,169.82892950198408,133.4,1.0,0.0,113.0
P32_C03_ACT104_EGFR,PLATE_32,1,241.8289936660893,146.7906976744186,1.0,0.0,150.0
P32_C03_ACT104_EGFR,PLATE_32,1,59.223601785484064,150.0,1.0,0.9758521893969623,150.0
P32_C03_ACT104_EGFR,PLATE_32,1,387.068929912945,137.83555555555554,1.0,0.0,127.0
P32_C03_ACT104_EGFR,PLATE_32,1,261.8518128812704,149.9182389937107,1.0,0.0,150.0
P32_C03_ACT104_EGFR,PLATE_32,1,124.30037568772104,150.0,1.0,0.0,150.0
P32_C03_ACT104_EGFR,PLATE_32,1,183.38035495767517,149.9158878504673,1.0,0.0,150.0
P32_C03_ACT104_EGFR,PLATE_32,1,52.198554435572326,146.09803921568627,1.0,0.8997152009439122,147.5
P32_C03_ACT104_EGFR,PLATE_32,0,26.935465697084545,150.0,1.0,0.93683695158597,150.0
P32_C03_ACT104_EGFR,PLATE_32,1,231.48804655450013,149.59627329192546,1.0,0.0,150.0
P32_C03_ACT104_EGFR,PLATE_32,0,110.7289782583041,150.0,1.0,0.0,150.0
P32_C03_ACT104_EGFR,PLATE_32,0,120.2425475455495,150.0,1.0,0.0,150.0
P32_C03_ACT104_EGFR,PLATE_32,1,266.14047959158813,141.8,1.0,0.0,134.0
P32_C03_ACT104_EGFR,PLATE_32,1,184.51850335550267,149.41935483870967,1.0,0.0,150.0
P32_C03_ACT104_EGFR,PLATE_32,1,280.6289509644366,150.0,1.0,0.9595801208715459,150.0
P32_C03_ACT104_EGFR,PLATE_32,0,1333.5202231919523,132.60227272727272,1.0,0.45456263694558474,131.0
P32_C03_ACT104_EGFR,PLATE_32,1,1306.9043497814368,142.19212491513917,1.0,0.007367004075970026,140.0
P32_C03_ACT104_EGFR,PLATE_32,1,206.38724548781255,150.0,1.0,0.0,150.0
P32_C03_ACT104_EGFR,PLATE_32,1,230.2552398620568,148.68067226890756,1.0,0.0,150.0
P32_C03_ACT104_EGFR,PLATE_32,1,310.2305293124324,94.67251461988305,1.0,0.986104375181008,68.0
P32_C03_ACT104_EGFR,PLATE_32,1,213.67760460760286,147.31756756756758,1.0,0.0,150.0
P32_C03_ACT104_EGFR,PLATE_32,1,491.30685056596127,133.63562753036436,1.0,0.9059958591004417,124.0
P32_C03_ACT104_EGFR,PLATE_32,1,174.12537132341959,149.03157894736842,1.0,0.0,150.0
P32_C03_ACT104_EGFR,PLATE_32,0,128.95923715700076,149.98809523809524,1.0,0.0,150.0
P32_C03_ACT104_EGFR,PLATE_32,1,288.56033744868944,146.805,1.0,0.0,150.0
P32_C03_ACT104_EGFR,PLATE_32,1,143.6131727269608,150.0,1.0,0.0,150.0
P32_C03_ACT104_EGFR,PLATE_32,1,217.64521624762153,150.0,1.0,0.0,150.0
P32_C03_ACT104_EGFR,PLATE_32,0,27.464352058093535,149.4,1.0,0.9027733084451154,150.0
P32_C03_ACT104_EGFR,PLATE_32,1,331.24391999199474,150.0,1.0,0.0,150.0
P32_C03_ACT104_EGFR,PLATE_32,1,886.0379254972114,138.41889985895628,1.0,0.9206967712956293,139.0
P32_C03_ACT104_EGFR,PLATE_32,1,141.88578995527925,140.48611111111111,1.0,0.0,133.0
P32_C03_ACT104_EGFR,PLATE_32,0,997.919273985802,145.69611021069693,0.9959481361426256,0.05486056521296112,150.0
P32_C03_ACT104_EGFR,PLATE_32,1,201.82922199614958,144.97457627118644,1.0,0.9887783522268467,150.0
P32_C03_ACT104_EGFR,PLATE_32,1,55.83937466389808,150.0,1.0,0.9863761831322038,150.0
P32_C03_ACT104_EGFR,PLATE_32,0,51.2722382050462,150.0,1.0,0.9566829327133449,150.0
P32_C03_ACT104_EGFR,PLATE_32,1,636.5902035127908,144.02784810126582,1.0,0.0,146.0
P32_C03_ACT104_EGFR,PLATE_32,1,154.61750817463056,145.95652173913044,1.0,0.0,150.0
P32_C03_ACT104_EGFR,PLATE_32,0,28.608562141851042,149.5483870967742,1.0,0.9266155985678954,150.0
P32_C03_ACT104_EGFR,PLATE_32,0,32.01833771696814,147.3030303030303,1.0,0.999589912246984,150.0
P32_C03_ACT104_EGFR,PLATE_32,1,186.50078276302492,148.13953488372093,1.0,0.0,150.0
P32_C03_ACT104_EGFR,PLATE_32,1,394.70604444595875,143.26262626262627,1.0,0.0,139.0
P32_C03_ACT104_EGFR,PLATE_32,1,328.8197504358251,145.54237288135593,1.0,0.0,150.0
P32_C03_ACT104_EGFR,PLATE_32,1,431.14077453734,147.601593625498,1.0,0.0,150.0
P32_C03_ACT104_EGFR,PLATE_32,1,264.6663399305666,133.84328358208955,1.0,0.0,115.0
P32_C03_ACT104_EGFR,PLATE_32,1,219.57182828351628,146.0071942446043,1.0,0.0,150.0
P32_C03_ACT104_EGFR,PLATE_32,1,40.40129077995228,142.46341463414635,1.0,0.9887013795183188,137.0
P32_C03_ACT104_EGFR,PLATE_32,1,122.85680466226832,150.0,1.0,0.0,150.0
P32_C03_ACT104_EGFR,PLATE_32,0,626.3999924707516,137.846,0.996,0.25166832320497673,150.0
P32_C03_ACT104_EGFR,PLATE_32,0,29.70610759171997,148.11111111111111,1.0,0.10100952912620427,150.0
P32_C03_ACT104_EGFR,PLATE_32,1,489.48622093252015,146.54275092936803,1.0,0.0,150.0
P32_C03_ACT104_EGFR,PLATE_32,1,157.87887304730992,149.07142857142858,1.0,0.0,150.0
P32_C03_ACT104_EGFR,PLATE_32,1,210.19373551134498,150.0,1.0,0.0,150.0
P32_C03_ACT104_EGFR,PLATE_32,1,268.35899409594316,128.89545454545456,1.0,0.9725481490247629,119.0
P32_C03_ACT104_EGFR,PLATE_32,1,310.5647714519937,148.2390243902439,1.0,0.0,150.0
P32_C03_ACT104_EGFR,PLATE_32,1,37.24695358661401,148.16666666666666,1.0,0.14874886902451293,150.0
P32_C03_ACT104_EGFR,PLATE_32,1,188.26519026561755,150.0,1.0,0.0,150.0
P32_C03_ACT104_EGFR,PLATE_32,1,185.61349613402405,146.30578512396696,1.0,0.0,150.0
P32_C03_ACT104_EGFR,PLATE_32,0,46.82647076958966,145.64,1.0,0.9741009712761293,150.0
P32_C03_ACT104_EGFR,PLATE_32,1,212.78876901986456,144.48299319727892,1.0,0.0,150.0
P32_C03_ACT104_EGFR,PLATE_32,1,207.8890424339919,150.0,1.0,0.0,150.0
P32_C03_ACT104_EGFR,PLATE_32,1,232.06801518315058,149.04054054054055,1.0,0.0,150.0
P32_C03_ACT104_EGFR,PLATE_32,1,394.85745405814566,140.56701030927834,1.0,0.0,150.0
P32_C03_ACT104_EGFR,PLATE_32,1,388.06082734755825,139.97513812154696,1.0,0.9856652789969809,150.0
P32_C03_ACT104_EGFR,PLATE_32,1,152.52993928833308,149.14893617021278,1.0,0.0,150.0
P32_C03_ACT104_EGFR,PLATE_32,1,172.53894635751044,149.36666666666667,1.0,0.0,150.0
P32_C03_ACT104_EGFR,PLATE_32,1,310.4278914950262,147.76923076923077,1.0,0.0,150.0
P32_C03_ACT104_EGFR,PLATE_32,1,27.237161306173373,150.0,1.0,0.9379215545719867,150.0
P32_C03_ACT104_EGFR,PLATE_32,1,582.1950629228461,138.9792,0.9984,0.991081279826547,150.0
P32_C03_ACT104_EGFR,PLATE_32,1,246.07825740832564,147.5241935483871,1.0,0.0,150.0
P32_C03_ACT104_EGFR,PLATE_32,1,245.09956431713996,149.5702479338843,1.0,0.0,150.0
P32_C03_ACT104_EGFR,PLATE_32,1,203.66601509909896,148.7081850533808,1.0,0.9707868632259576,150.0
P32_C03_ACT104_EGFR,PLATE_32,1,264.59481437284467,124.93288590604027,1.0,0.9810726554003998,99.0
P32_C03_ACT104_EGFR,PLATE_32,1,158.29620340217727,150.0,1.0,0.0,150.0
P32_C03_ACT104_EGFR,PLATE_32,1,201.65389998752997,148.95238095238096,1.0,0.0,150.0
P32_C03_ACT104_EGFR,PLATE_32,1,343.01798587859025,136.01775147928993,1.0,0.0,106.0
P32_C03_ACT104_EGFR,PLATE_32,1,47.9997723257034,148.82978723404256,1.0,0.9963225341776543,150.0
P32_C03_ACT104_EGFR,PLATE_32,1,1698.2169523763841,143.9930332261522,0.984994640943194,0.3228783012834092,150.0
P32_C03_ACT104_EGFR,PLATE_32,1,41.50665465569986,150.0,1.0,0.9456526127900295,150.0
P32_C03_ACT104_EGFR,PLATE_32,1,257.71817839879986,148.59119496855345,1.0,0.0,150.0
P32_C03_ACT104_EGFR,PLATE_32,1,189.63640245990197,149.30172413793105,1.0,0.0,150.0
P32_C03_ACT104_EGFR,PLATE_32,1,150.35973978229237,150.0,1.0,0.0,150.0
P32_C03_ACT104_EGFR,PLATE_32,1,232.1042401261182,150.0,1.0,0.0,150.0
P32_C03_ACT104_EGFR,PLATE_32,0,29.297761662177212,144.0952380952381,1.0,0.09177591012911757,150.0
P32_C03_ACT104_EGFR,PLATE_32,0,32.44318765660715,150.0,1.0,0.2597891011489215,150.0
P32_C03_ACT104_EGFR,PLATE_32,1,700.7006558639243,134.34380776340112,0.9852125693160814,0.6152135372105696,150.0
P32_C03_ACT104_EGFR,PLATE_32,1,180.471001025402,149.74311926605503,1.0,0.8956418206760568,150.0
P32_C03_ACT104_EGFR,PLATE_32,1,238.11913237698695,149.28813559322035,1.0,0.0,150.0
P32_C03_ACT104_EGFR,PLATE_32,1,262.7505230117372,148.40816326530611,1.0,0.0,150.0
P32_C03_ACT104_EGFR,PLATE_32,1,228.6463356222102,139.8082191780822,1.0,0.0,135.0
P32_C03_ACT104_EGFR,PLATE_32,1,288.45266359576516,143.9931506849315,1.0,0.0,146.0
P32_C03_ACT104_EGFR,PLATE_32,1,316.34088924339966,140.59390862944161,1.0,0.8679694552435386,150.0
P32_C03_ACT104_EGFR,PLATE_32,1,141.88305982063878,148.96774193548387,1.0,0.0,150.0
P32_C03_ACT104_EGFR,PLATE_32,1,776.0033237827826,147.7459584295612,1.0,0.0,150.0
P32_C03_ACT104_EGFR,PLATE_32,1,472.67953039168225,143.59947643979058,1.0,0.8848304629991979,150.0
P32_C03_ACT104_EGFR,PLATE_32,1,291.0568890558882,148.68794326241135,1.0,0.0,150.0
P32_C03_ACT104_EGFR,PLATE_32,1,261.9048066889902,148.35616438356163,1.0,0.0,150.0
P32_C03_ACT104_EGFR,PLATE_32,0,25.65135816262949,150.0,1.0,0.964478754620545,150.0
P32_C03_ACT104_EGFR,PLATE_32,1,38.28768352977929,150.0,1.0,0.9777892725559351,150.0
P32_C03_ACT104_EGFR,PLATE_32,1,131.913031257125,150.0,1.0,0.0,150.0
P32_C03_ACT104_EGFR,PLATE_32,1,46.2437312909246,146.13333333333333,1.0,0.9943070402982918,150.0
P32_C03_ACT104_EGFR,PLATE_32,1,271.0720010294935,125.3719512195122,1.0,0.9708620072372366,89.0
P32_C03_ACT104_EGFR,PLATE_32,1,212.63615409013372,141.52666666666667,1.0,0.0,139.0
P32_C03_ACT104_EGFR,PLATE_32,0,186.58680553146456,149.89922480620154,1.0,0.0,150.0
P32_C03_ACT104_EGFR,PLATE_32,1,608.730755619571,137.07839721254356,1.0,0.2323798841116752,146.5
P32_C03_ACT104_EGFR,PLATE_32,1,245.3938456437809,148.972,1.0,0.9658652461479551,150.0
P32_C03_ACT104_EGFR,PLATE_32,1,183.6681476318187,150.0,1.0,0.0,150.0
P32_C03_ACT104_EGFR,PLATE_32,1,359.6919769813978,133.2849162011173,0.9664804469273743,0.5724168314727891,142.25
P32_C03_ACT104_EGFR,PLATE_32,1,125.19097526708892,141.46268656716418,1.0,0.0,139.0
P32_C03_ACT104_EGFR,PLATE_32,0,1707.913140618487,96.35843373493977,1.0,0.4065329595888274,41.0
P32_C03_ACT104_EGFR,PLATE_32,0,90.1824680152135,50.1025641025641,1.0,0.9472831517793755,45.0
P32_C03_ACT104_EGFR,PLATE_32,1,112.1335901931481,99.2909090909091,1.0,0.8939756627375649,54.0
P32_C03_ACT104_EGFR,PLATE_32,1,97.10389326185802,124.34883720930233,1.0,0.9517386759692094,97.0
P32_C03_ACT104_EGFR,PLATE_32,1,109.56615913757963,98.67307692307692,1.0,0.8341512464009753,52.75
P32_C03_ACT104_EGFR,PLATE_32,1,345.56188034784765,71.83850931677019,1.0,0.9707089485739865,48.0
P32_C03_ACT104_EGFR,PLATE_32,1,87.2514778364448,68.28571428571429,1.0,0.9968542724204492,43.0
P32_C03_ACT104_EGFR,PLATE_32,1,123.307565269561,114.17857142857143,1.0,0.9749655687894271,83.75
P32_C03_ACT104_EGFR,PLATE_32,1,161.89824729959355,123.65277777777777,1.0,0.9473766335342207,103.0
P32_C03_ACT104_EGFR,PLATE_32,1,248.4425995158855,144.74528301886792,1.0,0.6073062667439136,150.0
P32_C03_ACT104_EGFR,PLATE_32,1,102.12071787255398,72.68181818181819,1.0,0.9949703496390352,60.25
P32_C03_ACT104_EGFR,PLATE_32,0,226.7117522326642,127.85321100917432,1.0,0.10456687378927947,117.0
P32_C03_ACT104_EGFR,PLATE_32,1,224.057949600487,135.8762886597938,1.0,0.8090586963617191,119.0
P32_C03_ACT104_EGFR,PLATE_32,1,237.5247775093048,113.57407407407408,1.0,0.9792412792941085,87.75
P32_C03_ACT104_EGFR,PLATE_32,1,366.3975972701786,84.8780487804878,1.0,0.9890263428084296,57.0
P32_C03_ACT104_EGFR,PLATE_32,0,123.84862813358401,66.64912280701755,1.0,0.29346763253259384,42.0
P32_C03_ACT104_EGFR,PLATE_32,1,349.8933211813192,108.06493506493507,1.0,0.9639136735740474,84.25
P32_C03_ACT104_EGFR,PLATE_32,1,310.445266978935,146.19736842105263,1.0,0.8895181518807846,150.0
P32_C03_ACT104_EGFR,PLATE_32,1,494.7114256981764,114.67364016736401,1.0,0.7760890077540715,79.0
P32_C03_ACT104_EGFR,PLATE_32,1,124.70377950721773,88.65517241379311,1.0,0.6463634898963208,67.25
P32_C03_ACT104_EGFR,PLATE_32,1,109.55949847395392,112.25454545454545,1.0,0.995228096067264,90.0
P32_C03_ACT104_EGFR,PLATE_32,1,361.43351283825194,87.35031847133757,1.0,0.9718578880869098,50.0
P32_C03_ACT104_EGFR,PLATE_32,1,89.85263141214155,48.146341463414636,1.0,0.950239247116906,39.0
P32_C03_ACT104_EGFR,PLATE_32,1,381.3560463048804,136.00588235294117,1.0,0.9780288387034166,144.5
P32_C03_ACT104_EGFR,PLATE_32,0,406.7040832245777,119.35714285714286,1.0,0.9774394497601023,95.75
P32_C03_ACT104_EGFR,PLATE_32,1,301.84898366747245,92.78873239436619,1.0,0.6906851586871713,54.0
P32_C03_ACT104_EGFR,PLATE_32,1,131.20755248628632,116.53968253968254,1.0,0.9935482725924102,89.0
P32_C03_ACT104_EGFR,PLATE_32,1,103.96450651536402,77.6,1.0,0.990769424171917,63.0
P32_C03_ACT104_EGFR,PLATE_32,0,158.88225541086518,84.98684210526316,1.0,0.9931915087809333,57.0
P32_C03_ACT104_EGFR,PLATE_32,1,182.18368706023028,110.8,1.0,0.9953812047927691,80.0
P32_C03_ACT104_EGFR,PLATE_32,1,150.2789448692208,124.3529411764706,1.0,0.9820436698129402,92.75
P32_C03_ACT104_EGFR,PLATE_32,1,347.38398875102735,108.57317073170732,1.0,0.9869140931587134,66.0
P32_C03_ACT104_EGFR,PLATE_32,1,613.2504765364841,148.13590604026845,1.0,0.3637278238221179,150.0
P32_C03_ACT104_EGFR,PLATE_32,1,468.51230943131173,149.8341121495327,1.0,0.3075276280824523,150.0
P32_C03_ACT104_EGFR,PLATE_32,1,280.6330755413103,93.1203007518797,1.0,0.9508262016793091,51.0
P32_C03_ACT104_EGFR,PLATE_32,1,154.5434308986897,127.42647058823529,1.0,0.9823922221994424,112.0
P32_C03_ACT104_EGFR,PLATE_32,1,161.25259144890578,73.61428571428571,1.0,0.9889904383853623,57.25
P32_C03_ACT104_EGFR,PLATE_32,1,141.58102689446633,96.7258064516129,1.0,0.26699987400888875,56.0
P32_C03_ACT104_EGFR,PLATE_32,1,88.88670066950507,77.45945945945945,1.0,0.9839330401240765,52.0
P32_C03_ACT104_EGFR,PLATE_32,1,100.7209689417774,128.29787234042553,1.0,0.9865671859824724,123.0
P32_C03_ACT104_EGFR,PLATE_32,1,191.1978407752386,104.35714285714286,1.0,0.995179204887963,70.0
P32_C03_ACT104_EGFR,PLATE_32,1,189.44726701423127,131.42528735632183,1.0,0.9824985958156388,115.0
P32_C03_ACT104_EGFR,PLATE_32,1,149.3706322544974,126.77941176470588,1.0,0.9820320021175204,105.75
P32_C03_ACT104_EGFR,PLATE_32,1,104.50286554892614,79.2127659574468,1.0,0.993576528983832,49.0
P32_C03_ACT104_EGFR,PLATE_32,0,468.1681913160696,108.59624413145539,1.0,0.9323394953371877,74.0
P32_C03_ACT104_EGFR,PLATE_32,1,108.17989761758693,99.57446808510639,1.0,0.9940912530141506,65.5
P32_C03_ACT104_EGFR,PLATE_32,1,144.00908925961448,81.05797101449275,1.0,0.9925800365555881,64.0
P32_C03_ACT104_EGFR,PLATE_32,1,216.4984235741761,60.23711340206186,1.0,0.9816808222895926,52.0
P32_C03_ACT104_EGFR,PLATE_32,1,127.92510137302568,58.61818181818182,1.0,0.9914133503817273,49.0
P32_C03_ACT104_EGFR,PLATE_32,1,86.31851559456598,67.56410256410257,1.0,0.9806276490297603,43.0
P32_C03_ACT104_EGFR,PLATE_32,1,390.7135304180132,97.3854748603352,1.0,0.9870372381342377,69.5
P32_C03_ACT104_EGFR,PLATE_32,1,152.30456511512222,123.44285714285714,1.0,0.9689826854725903,97.5
P32_C03_ACT104_EGFR,PLATE_32,1,237.1581068489676,98.37623762376238,1.0,0.9885288261132145,66.0
P32_C03_ACT104_EGFR,PLATE_32,1,102.0035298455411,90.8,1.0,0.9971260139034848,58.0
P32_C03_ACT104_EGFR,PLATE_32,1,601.3706296167674,108.86988847583643,1.0,0.9879451547792186,65.0
P32_C03_ACT104_EGFR,PLATE_32,1,530.9594803238908,119.27896995708154,1.0,0.9893426629289269,96.0
P32_C03_ACT104_EGFR,PLATE_32,1,271.30092876981695,76.87596899224806,1.0,0.9864291049939418,52.0
P32_C03_ACT104_EGFR,PLATE_32,1,148.12823547289605,136.53125,1.0,0.9875956856297842,150.0
P32_C03_ACT104_EGFR,PLATE_32,1,438.01494006242103,102.51832460732984,1.0,0.7154076040060642,76.5
P32_C03_ACT104_EGFR,PLATE_32,1,192.4468503163523,113.80246913580247,1.0,0.34444447164367925,78.0
P32_C03_ACT104_EGFR,PLATE_32,1,179.60502691532696,109.30379746835443,1.0,0.9788201750649385,86.5
P32_C03_ACT104_EGFR,PLATE_32,1,163.96183056993553,120.94594594594595,1.0,0.9930106679623547,90.75
P32_C03_ACT104_EGFR,PLATE_32,1,127.99930629343132,67.47272727272727,1.0,0.9688812508024056,46.0
P32_C03_ACT104_EGFR,PLATE_32,1,316.64541301542494,131.11428571428573,1.0,0.9832064155181557,124.25
P32_C03_ACT104_EGFR,PLATE_32,1,149.35895954303874,139.7058823529412,1.0,0.9791145438287873,150.0
P32_C03_ACT104_EGFR,PLATE_32,1,203.32449483191903,98.75862068965517,1.0,0.9891668673636583,56.0
P32_C03_ACT104_EGFR,PLATE_32,1,84.71775020090277,138.75675675675674,1.0,0.9824931373809345,130.0
P32_C03_ACT104_EGFR,PLATE_32,1,119.25736957993772,106.56603773584905,1.0,0.9922950502490693,73.0
P32_C03_ACT104_EGFR,PLATE_32,1,130.861045574074,120.11864406779661,1.0,0.9910660741402648,92.0
P32_C03_ACT104_EGFR,PLATE_32,1,186.36280649892763,113.15,1.0,0.9837279575756642,95.75
P32_C03_ACT104_EGFR,PLATE_32,1,193.44203472233798,93.85185185185185,1.0,0.34232131925009396,66.0
P32_C03_ACT104_EGFR,PLATE_32,1,105.4673486790512,135.24489795918367,1.0,0.9810600499008725,139.0
P32_C03_ACT104_EGFR,PLATE_32,1,414.9418224870721,65.1076923076923,1.0,0.5265950091650968,44.0
P32_C03_ACT104_EGFR,PLATE_32,1,118.10921801249228,115.60377358490567,1.0,0.9873830329193386,88.0
P32_C03_ACT104_EGFR,PLATE_32,1,660.4819864584632,118.68470588235294,1.0,0.759834654029487,93.0
P32_C03_ACT104_EGFR,PLATE_32,1,81.11162082371774,124.58333333333333,1.0,0.9939707364275816,99.0
P32_C03_ACT104_EGFR,PLATE_32,1,347.8756402345851,110.14965986394557,1.0,0.13235608478316155,82.5
P32_C03_ACT104_EGFR,PLATE_32,1,235.18302768689347,120.53333333333333,1.0,0.7960457610816103,82.0
P32_C03_ACT104_EGFR,PLATE_32,1,117.27728567565246,112.71929824561404,1.0,0.9766816126951906,109.0
P32_C03_ACT104_EGFR,PLATE_32,0,88.79137910442583,70.07317073170732,1.0,0.9834428394244004,42.0
P32_C03_ACT104_EGFR,PLATE_32,1,167.05058086354268,127.43037974683544,1.0,0.9881781873421674,100.0
P32_C03_ACT104_EGFR,PLATE_32,1,219.86367172307433,127.34042553191489,1.0,0.9756761178758391,114.0
P32_C03_ACT104_EGFR,PLATE_32,1,708.7117813870034,106.64133738601824,0.9756838905775076,0.1924620843194417,74.0
P32_C03_ACT104_EGFR,PLATE_32,1,332.4987151542979,109.4968152866242,1.0,0.5643348542069109,84.0
P32_C03_ACT104_EGFR,PLATE_32,0,112.79199279076332,91.42857142857143,1.0,0.09752465337150071,70.0
P32_C03_ACT104_EGFR,PLATE_32,1,118.69378876055012,122.71698113207547,1.0,0.9872767381174875,87.0
P32_C03_ACT104_EGFR,PLATE_32,0,109.00217430139169,73.61224489795919,1.0,0.6818544417173085,48.0
P32_C03_ACT104_EGFR,PLATE_32,1,85.90510883813273,67.8780487804878,1.0,0.9798304569368317,55.0
P32_C03_ACT104_EGFR,PLATE_32,0,1176.2936575902186,135.1407982261641,1.0,0.16688509922362987,122.0
P32_C03_ACT104_EGFR,PLATE_32,1,156.3382095411012,114.74358974358974,1.0,0.9950446043719269,70.75
P32_C03_ACT104_EGFR,PLATE_32,1,252.35757073391682,116.37931034482759,1.0,0.9505773438980367,92.75
P32_C03_ACT104_EGFR,PLATE_32,1,85.88824135599083,128.76923076923077,1.0,0.8175037422776419,103.5
P32_C03_ACT104_EGFR,PLATE_32,1,752.5063322037873,121.71929824561404,1.0,0.3535977860042478,91.0
P32_C03_ACT104_EGFR,PLATE_32,1,87.72715533643978,80.55,1.0,0.9452908739333711,60.0
P32_C03_ACT104_EGFR,PLATE_32,0,138.06486899544234,59.234375,1.0,0.9134476263079314,46.0
P32_C03_ACT104_EGFR,PLATE_32,1,170.53965923582032,121.10588235294118,1.0,0.9942971425213114,87.0
P32_C03_ACT104_EGFR,PLATE_32,0,112.4986637679994,106.37037037037037,1.0,0.862965265035916,78.75
P32_C03_ACT104_EGFR,PLATE_32,1,102.13331934015642,119.66666666666667,1.0,0.9245745537919339,100.25
P32_C03_ACT104_EGFR,PLATE_32,0,132.44245307297717,74.59375,1.0,0.980337935736357,52.0
P32_C03_ACT104_EGFR,PLATE_32,1,192.97207558386467,115.91397849462365,1.0,0.9854163023780806,82.0
P32_C03_ACT104_EGFR,PLATE_32,1,83.03722141188061,124.62162162162163,1.0,0.8530004143145012,141.0
P32_C03_ACT104_EGFR,PLATE_32,1,527.6043289201829,91.91810344827586,1.0,0.9821146227307571,46.5
P32_C03_ACT104_EGFR,PLATE_32,0,85.14568582246284,92.86046511627907,1.0,0.9935106296120683,56.0
P32_C03_ACT104_EGFR,PLATE_32,1,399.28376769301536,135.38575667655786,1.0,0.3157215133302221,123.0
P32_C03_ACT104_EGFR,PLATE_32,1,192.17983031898063,70.65882352941176,1.0,0.9620069809996415,58.0
P32_C03_ACT104_EGFR,PLATE_32,1,216.81146222741458,119.5,1.0,0.9788626860427173,89.5
P32_C03_ACT104_EGFR,PLATE_32,1,85.35630838493776,119.1,1.0,0.9852251785218286,92.0
P32_C03_ACT104_EGFR,PLATE_32,0,108.36321358723723,105.9622641509434,1.0,0.9870749191436139,80.0
P32_C03_ACT104_EGFR,PLATE_32,0,87.18534078703708,114.13636363636364,1.0,0.734426702887291,42.5
P32_C03_ACT104_EGFR,PLATE_32,1,189.6243516058247,110.04347826086956,1.0,0.9902690449841699,75.5
P32_C03_ACT104_EGFR,PLATE_32,1,181.01729992904316,101.95180722891567,1.0,0.9883000859536454,72.0
P32_C03_ACT104_EGFR,PLATE_32,1,188.64309447639735,135.16666666666666,1.0,0.9692889396942571,121.0
P32_C03_ACT104_EGFR,PLATE_32,1,344.58186278396613,118.95705521472392,1.0,0.6355528936742122,96.0
P32_C03_ACT104_EGFR,PLATE_32,0,584.0951098880406,107.54545454545455,1.0,0.586331490934025,80.0
P32_C03_ACT104_EGFR,PLATE_32,1,124.02422501108447,95.45,1.0,0.9616557120845237,67.0
P32_C03_ACT104_EGFR,PLATE_32,1,402.46935892381777,113.94705882352942,1.0,0.9586832689853971,66.0
P32_C03_ACT104_EGFR,PLATE_32,1,146.36320616436672,96.27536231884058,1.0,0.9465411892724876,63.0
P32_C03_ACT104_EGFR,PLATE_32,1,87.09129651963744,135.06976744186048,1.0,0.9645734479464055,122.5
P32_C03_ACT104_EGFR,PLATE_32,0,405.3920259867456,86.07936507936508,1.0,0.30196261083492876,62.0
P32_C03_ACT104_EGFR,PLATE_32,1,760.961977130415,126.56873315363882,1.0,0.9701775727573988,103.0
P32_C03_ACT104_EGFR,PLATE_32,1,580.2454960374968,115.01486988847584,1.0,0.354285165655537,90.0
P32_C03_ACT104_EGFR,PLATE_32,1,390.81823587587695,102.92528735632185,1.0,0.1490229312962288,58.25
P32_C03_ACT104_EGFR,PLATE_32,1,163.3626609449161,91.28985507246377,1.0,0.9914508302422841,68.0
P32_C03_ACT104_EGFR,PLATE_32,1,160.26388014590935,117.33802816901408,1.0,0.9473267736227646,90.0
P32_C03_ACT104_EGFR,PLATE_32,0,958.9896882088076,117.87852494577007,1.0,0.28220594611161987,90.0
P32_C03_ACT104_EGFR,PLATE_32,1,457.85131211339643,98.40178571428571,1.0,0.9822522288731117,69.0
P32_C03_ACT104_EGFR,PLATE_32,1,373.1684294772608,70.44444444444444,1.0,0.977096916529763,37.0
P32_C03_ACT104_EGFR,PLATE_32,1,141.7546432223767,106.0909090909091,1.0,0.9800344929552763,78.5
P32_C03_ACT104_EGFR,PLATE_32,1,131.3650346702988,59.33846153846154,1.0,0.9592801641050279,49.0
P32_C03_ACT104_EGFR,PLATE_32,1,222.36832280286654,131.25,1.0,0.9878459857130196,107.75
P32_C03_ACT104_EGFR,PLATE_32,1,197.0512762546135,113.79775280898876,1.0,0.9963465159764344,70.0
P32_C03_ACT104_EGFR,PLATE_32,1,139.2982674728032,107.71641791044776,1.0,0.985411859704602,72.0
P32_C03_ACT104_EGFR,PLATE_32,1,268.48280632193683,121.83458646616542,1.0,0.9785300001377081,96.0
P32_C03_ACT104_EGFR,PLATE_32,1,267.48541246561354,99.18333333333334,1.0,0.15706240833077517,62.0
P32_C03_ACT104_EGFR,PLATE_32,1,85.42117386943907,78.36585365853658,1.0,0.9689017726768185,60.0
P32_C03_ACT104_EGFR,PLATE_32,1,113.62075377941434,88.0909090909091,1.0,0.980456261972558,61.0
P32_C03_ACT104_EGFR,PLATE_32,1,107.85961456750096,65.4074074074074,1.0,0.22577116950971554,46.25
P32_C03_ACT104_EGFR,PLATE_32,1,259.21539450909665,117.51327433628319,1.0,0.6234369516909802,82.0
P32_C03_ACT104_EGFR,PLATE_32,1,91.59359464177362,95.06818181818181,1.0,0.9878039686508386,72.0
P32_C03_ACT104_EGFR,PLATE_32,1,179.45341371676636,112.36904761904762,1.0,0.9851155706594552,91.75
P32_C03_ACT104_EGFR,PLATE_32,1,164.02088520518367,91.4320987654321,1.0,0.9767041249387391,62.0
P32_C03_ACT104_EGFR,PLATE_32,1,119.23505145651089,97.3076923076923,1.0,0.9924807855939763,67.0
P32_C03_ACT104_EGFR,PLATE_32,1,197.38480345555246,95.66666666666667,1.0,0.972732453500362,67.5
P32_C03_ACT104_EGFR,PLATE_32,1,159.37614132123983,102.04347826086956,1.0,0.9814875671872054,62.0
P32_C03_ACT104_EGFR,PLATE_32,1,100.10210775884715,113.10204081632654,1.0,0.9910062507226942,74.0
P32_C03_ACT104_EGFR,PLATE_32,1,126.50905205230656,92.14545454545454,1.0,0.9931490870414817,65.0
P32_C03_ACT104_EGFR,PLATE_32,0,750.437290322316,110.79886685552408,1.0,0.6532788856750427,76.0
P32_C03_ACT104_EGFR,PLATE_32,0,134.864573364282,96.67241379310344,1.0,0.9821522217620107,64.0
P32_C03_ACT104_EGFR,PLATE_32,1,393.9384492684272,96.44571428571429,1.0,0.14617694795339464,56.0
P32_C03_ACT104_EGFR,PLATE_32,1,158.56076733441657,130.18666666666667,1.0,0.9872803101316311,140.5
P32_C03_ACT104_EGFR,PLATE_32,0,630.2400814834504,115.35191637630662,1.0,0.3721540053906422,84.5
P32_C03_ACT104_EGFR,PLATE_32,1,250.87408540336565,98.17117117117117,1.0,0.642585064104554,62.0
P32_C03_ACT104_EGFR,PLATE_32,1,157.16489712324048,105.10144927536231,1.0,0.6144249851378568,59.0
P32_C03_ACT104_EGFR,PLATE_32,1,255.89982605536247,78.09243697478992,1.0,0.6553078787801515,53.0
P32_C03_ACT104_EGFR,PLATE_32,0,114.81181559459186,98.2,1.0,0.9963232813385492,73.0
P32_C03_ACT104_EGFR,PLATE_32,1,138.03808076809597,149.85,1.0,0.9881341863673074,150.0
P32_C03_ACT104_EGFR,PLATE_32,1,199.12646171160858,92.09756097560975,1.0,0.9905948316653221,62.0
P32_C03_ACT104_EGFR,PLATE_32,1,111.45987165069506,76.72916666666667,1.0,0.9232279321438931,55.0
P32_C03_ACT104_EGFR,PLATE_32,1,198.22668245863318,105.36781609195403,1.0,0.9612030199859435,72.0
P32_C03_ACT104_EGFR,PLATE_32,1,324.80294820662175,129.94326241134752,1.0,0.7430670474376654,114.0
P32_C03_ACT104_EGFR,PLATE_32,1,138.84922573785946,106.171875,1.0,0.9794002769428799,88.75
P32_C03_ACT104_EGFR,PLATE_32,1,103.97496084428977,66.57692307692308,1.0,0.24121069346232196,50.75
P32_C03_ACT104_EGFR,PLATE_32,1,212.07079565620313,125.04040404040404,1.0,0.8985045849506099,114.5
P32_C03_ACT104_EGFR,PLATE_32,1,144.4345180870748,107.625,1.0,0.5233125081444887,66.5
P32_C03_ACT104_EGFR,PLATE_32,1,799.5795970759426,141.1813953488372,1.0,0.08043721897662216,140.0
P32_C03_ACT104_EGFR,PLATE_32,1,187.81711688426998,114.25842696629213,1.0,0.9395289952155836,100.0
P32_C03_ACT104_EGFR,PLATE_32,1,418.9179663530072,100.65979381443299,1.0,0.5323451996365354,72.0
P32_C03_ACT104_EGFR,PLATE_32,1,86.17495529226997,111.825,1.0,0.996889712194189,73.0
P32_C03_ACT104_EGFR,PLATE_32,1,179.44524503028322,106.57142857142857,1.0,0.995461898981648,85.0
P32_C03_ACT104_EGFR,PLATE_32,1,365.32562586069014,146.7565789473684,1.0,0.9820442778060611,150.0
P32_C03_ACT104_EGFR,PLATE_32,1,84.83475108146712,53.30555555555556,1.0,0.9831894545980273,44.5
P32_C03_ACT104_EGFR,PLATE_32,1,448.4550706996485,129.4095744680851,1.0,0.9886610221917765,107.75
P32_C03_ACT104_EGFR,PLATE_32,0,408.7374668167778,99.04568527918782,1.0,0.8333826217340494,69.0
P32_C03_ACT104_EGFR,PLATE_32,1,132.52841635341116,113.45161290322581,1.0,0.9937522928209465,77.0
P32_C03_ACT104_EGFR,PLATE_32,1,314.78035435792077,132.67883211678833,1.0,0.978790049381856,116.0
P32_C03_ACT104_EGFR,PLATE_32,0,84.95565767521485,121.66666666666667,1.0,0.9208383644266095,86.0
P32_C03_ACT104_EGFR,PLATE_32,0,1405.9262176851082,118.9590909090909,1.0,0.34448034446837805,97.0
P32_C03_ACT104_EGFR,PLATE_32,0,322.0377849193077,61.37748344370861,1.0,0.7033250482021727,49.0
P32_C03_ACT104_EGFR,PLATE_32,1,125.41037403199479,95.2909090909091,1.0,0.9356253185326271,67.0
P32_C03_ACT104_EGFR,PLATE_32,1,449.8446353108663,95.1609756097561,1.0,0.958606162966142,63.0
P32_C03_ACT104_EGFR,PLATE_32,1,127.01352883953471,127.48214285714286,1.0,0.9721062426378982,113.5
P32_C03_ACT104_EGFR,PLATE_32,1,90.63583556768529,130.3,1.0,0.9671497752981236,141.0
P32_C03_ACT104_EGFR,PLATE_32,0,168.50848806003418,51.50632911392405,1.0,0.6625586976710289,44.5
P32_C03_ACT104_EGFR,PLATE_32,1,387.32423339649006,89.63157894736842,1.0,0.5443776553838288,70.0
P32_C03_ACT104_EGFR,PLATE_32,1,154.63314020166604,93.80882352941177,1.0,0.763781195562043,68.75
P32_C03_ACT104_EGFR,PLATE_32,0,1154.316402545709,70.68864468864469,1.0,0.4946491357595394,35.0
P32_C03_ACT104_EGFR,PLATE_32,1,133.7527502745812,134.39655172413794,1.0,0.9861023155009166,120.0
P32_C03_ACT104_EGFR,PLATE_32,1,363.60953066047813,103.45614035087719,1.0,0.9675478169162137,66.0
P32_C03_ACT104_EGFR,PLATE_32,1,87.1754059137972,67.15789473684211,1.0,0.8713525938089097,53.0
P32_C03_ACT104_EGFR,PLATE_32,1,234.93870116180886,55.5625,1.0,0.8815845267130489,40.0
P32_C03_ACT104_EGFR,PLATE_32,0,89.71961765076566,119.26829268292683,1.0,0.9920418759103679,86.0
P32_C03_ACT104_EGFR,PLATE_32,1,156.40002880240263,73.42465753424658,1.0,0.9335912474289056,50.0
P32_C03_ACT104_EGFR,PLATE_32,1,528.5393671851878,98.35840707964601,1.0,0.9687462073613209,63.0
P32_C03_ACT104_EGFR,PLATE_32,1,119.07497972489364,46.464285714285715,1.0,0.8090092213570135,42.0
P32_C03_ACT104_EGFR,PLATE_32,1,197.03040748782348,65.2840909090909,1.0,0.9919307914473093,55.0
P32_C03_ACT104_EGFR,PLATE_32,1,243.56051868564145,99.41025641025641,1.0,0.9748987127976471,71.0
P32_C03_ACT104_EGFR,PLATE_32,1,231.13758373823808,97.06060606060606,1.0,0.8580953905166179,68.5
P32_C03_ACT104_EGFR,PLATE_32,1,122.2368729933233,53.74576271186441,1.0,0.9934245386459111,47.0
P32_C03_ACT104_EGFR,PLATE_32,0,199.46857920944507,79.16091954022988,1.0,0.5739759851133107,51.5
P32_C03_ACT104_EGFR,PLATE_32,1,134.43187432427848,70.80952380952381,1.0,0.9725387007712845,59.0
P32_C03_ACT104_EGFR,PLATE_32,1,210.88456659203177,137.24719101123594,1.0,0.9796649792478772,147.0
P32_C03_ACT104_EGFR,PLATE_32,1,125.52964482669273,100.03389830508475,1.0,0.9883282911016841,65.0
P32_C03_ACT104_EGFR,PLATE_32,0,88.9398996856885,52.29545454545455,1.0,0.9787700354837382,40.0
P32_C03_ACT104_EGFR,PLATE_32,1,172.95789796844429,114.33333333333333,1.0,0.9639069865458862,93.0
P32_C03_ACT104_EGFR,PLATE_32,1,110.56198128111308,63.254901960784316,1.0,0.9573720346966661,41.0
P32_C03_ACT104_EGFR,PLATE_32,1,214.04865866144618,75.43157894736842,1.0,0.8397355250790253,62.0
P32_C03_ACT104_EGFR,PLATE_32,1,194.10508641473007,76.24444444444444,1.0,0.9841244363290884,55.0
P32_C03_ACT104_EGFR,PLATE_32,1,407.27987146027715,146.49720670391062,1.0,0.9638632412428614,150.0
P32_C03_ACT104_EGFR,PLATE_32,1,85.95247554058298,93.35,1.0,0.9899446061277862,73.25
P32_C03_ACT104_EGFR,PLATE_32,0,81.68790339006746,48.2972972972973,1.0,0.9262537855918069,35.0
P32_C03_ACT104_EGFR,PLATE_32,1,104.63750501448683,57.395833333333336,1.0,0.9762918400895902,39.0
P32_C03_ACT104_EGFR,PLATE_32,1,220.92733454845978,85.92079207920793,1.0,0.8514639863254125,52.0
P32_C03_ACT104_EGFR,PLATE_32,1,615.4374542524313,118.86080586080585,1.0,0.9705138108445847,95.0
P32_C03_ACT104_EGFR,PLATE_32,1,542.3933842787312,96.5275590551181,1.0,0.5657064958506834,58.0
P32_C03_ACT104_EGFR,PLATE_32,1,166.35085048196643,63.688311688311686,1.0,0.9069035528707656,53.0
P32_C03_ACT104_EGFR,PLATE_32,1,163.0165374135974,64.94871794871794,1.0,0.9935748570763067,50.25
P32_C03_ACT104_EGFR,PLATE_32,1,112.76044224997125,87.94444444444444,1.0,0.9601610580722566,66.0
P32_C03_ACT104_EGFR,PLATE_32,1,168.24226919353512,125.76388888888889,1.0,0.9879069165118781,102.5
P32_C03_ACT104_EGFR,PLATE_32,0,89.57337275082222,124.65116279069767,1.0,0.937246916902443,110.5
P32_C03_ACT104_EGFR,PLATE_32,1,235.762861595688,92.64102564102564,1.0,0.9842315818381755,66.0
P32_C03_ACT104_EGFR,PLATE_32,0,669.340018476687,91.82051282051282,1.0,0.8066680108620251,60.0
P32_C03_ACT104_EGFR,PLATE_32,1,80.95758932959102,97.85714285714286,1.0,0.9685217134669682,52.0
P32_C03_ACT104_EGFR,PLATE_32,1,1004.4824314087421,94.33258426966292,1.0,0.9513006147230954,62.0
P32_C03_ACT104_EGFR,PLATE_32,1,95.17393387717495,43.70454545454545,1.0,0.9870504172026155,40.75
P32_C03_ACT104_EGFR,PLATE_32,1,816.7645416691165,81.49719101123596,0.9550561797752809,0.4455347225225755,55.0
P32_C03_ACT104_EGFR,PLATE_32,1,233.2844069471207,89.05217391304348,1.0,0.9904210110314232,68.0
P32_C03_ACT104_EGFR,PLATE_32,0,85.24097883057705,125.775,1.0,0.9225423509231382,105.75
P32_C03_ACT104_EGFR,PLATE_32,1,103.74486277268397,103.54716981132076,1.0,0.9951103822792698,59.0
P32_C03_ACT104_EGFR,PLATE_32,1,173.32478391893275,85.05952380952381,1.0,0.9558782859906081,59.0
P32_C03_ACT104_EGFR,PLATE_32,1,208.84104773875686,120.19148936170212,1.0,0.9405261537042214,89.25
P32_C03_ACT104_EGFR,PLATE_32,0,228.36863590635008,81.50485436893204,1.0,0.8737165051430755,55.0
P32_C03_ACT104_EGFR,PLATE_32,1,188.0097482027168,101.29268292682927,1.0,0.964829513516052,81.0
P32_C03_ACT104_EGFR,PLATE_32,1,194.60800290815067,114.04651162790698,1.0,0.9858758149549781,69.0
P32_C03_ACT104_EGFR,PLATE_32,1,345.19322940341266,103.68098159509202,1.0,0.3861725900773029,69.0
P32_C03_ACT104_EGFR,PLATE_32,1,488.67324932354774,100.86854460093896,1.0,0.9671283956344202,79.0
P32_C03_ACT104_EGFR,PLATE_32,1,155.07204833403452,76.1891891891892,1.0,0.982985610469133,65.0
P32_C03_ACT104_EGFR,PLATE_32,1,373.00554417849906,134.08648648648648,1.0,0.9818374210795716,141.0
P32_C03_ACT104_EGFR,PLATE_32,1,134.0885761333691,86.21875,1.0,0.9552044527177997,52.0
P32_C03_ACT104_EGFR,PLATE_32,0,1681.826374197528,104.18449197860963,1.0,0.36342833767216143,72.0
P32_C03_ACT104_EGFR,PLATE_32,1,196.9742414076543,87.60919540229885,1.0,0.9779277756421805,68.0
P32_C03_ACT104_EGFR,PLATE_32,0,91.28754164458691,133.41304347826087,1.0,0.9868690011084736,108.0
P32_C03_ACT104_EGFR,PLATE_32,1,288.7074246743591,94.0,1.0,0.9843044463516313,64.0
P32_C03_ACT104_EGFR,PLATE_32,1,137.93385655160597,87.30508474576271,1.0,0.9959776456396355,61.0
P32_C03_ACT104_EGFR,PLATE_32,1,204.3559737885609,98.25773195876289,1.0,0.9587236368719029,66.0
P32_C03_ACT104_EGFR,PLATE_32,1,96.07923353614831,123.6875,1.0,0.8990192481170219,111.5
P32_C03_ACT104_EGFR,PLATE_32,0,122.69889811042084,126.70689655172414,1.0,0.9011592255850231,106.25
P32_C03_ACT104_EGFR,PLATE_32,0,130.98613010571762,65.91071428571429,1.0,0.9880277213800118,55.0
P32_C03_ACT104_EGFR,PLATE_32,1,113.17142407466076,62.214285714285715,1.0,0.9777433698809459,42.0
P32_C03_ACT104_EGFR,PLATE_32,1,83.80266244157144,100.86842105263158,1.0,0.9819755130469673,96.0
P32_C03_ACT104_EGFR,PLATE_32,1,127.37825321670441,79.50847457627118,1.0,0.9620149936257191,66.5
P32_C03_ACT104_EGFR,PLATE_32,1,109.12466819762675,75.33962264150944,1.0,0.9747318361780937,47.0
P32_C03_ACT104_EGFR,PLATE_32,0,83.27806043314547,130.72222222222223,1.0,0.9809118037663196,114.5
P32_C03_ACT104_EGFR,PLATE_32,1,461.13590184787745,74.88725490196079,1.0,0.9696753117911403,56.0
P32_C03_ACT104_EGFR,PLATE_32,1,94.81673705389225,89.54545454545455,1.0,0.9538753942286963,67.75
P32_C03_ACT104_EGFR,PLATE_32,0,84.76796184337745,99.5952380952381,1.0,0.9903785064736725,70.0
P32_C03_ACT104_EGFR,PLATE_32,1,365.38533717424616,108.91772151898734,1.0,0.9217290572893746,81.0
P32_C03_ACT104_EGFR,PLATE_32,1,480.92456807665553,64.28181818181818,1.0,0.9326615504290603,55.0
P32_C03_ACT104_EGFR,PLATE_32,1,96.66205092280899,114.8409090909091,1.0,0.9949811677921083,75.0
P32_C03_ACT104_EGFR,PLATE_32,1,263.19080149340704,95.25984251968504,1.0,0.992723586672086,62.0
P32_C03_ACT104_EGFR,PLATE_32,1,383.5464479736322,106.89304812834224,1.0,0.9677344726490116,68.0
P32_C03_ACT104_EGFR,PLATE_32,1,102.66261325528676,123.96,1.0,0.9970252497937757,96.25
P32_C03_ACT104_EGFR,PLATE_32,1,223.54640096641268,123.75490196078431,1.0,0.9947836508302177,116.0
P32_C03_ACT104_EGFR,PLATE_32,1,332.2267837756704,101.99367088607595,1.0,0.9505095682466282,78.0
P32_C03_ACT104_EGFR,PLATE_32,1,529.9754708095459,133.86503067484662,1.0,0.2899143484392739,112.0
P32_C03_ACT104_EGFR,PLATE_32,1,192.25544701080298,119.91666666666667,1.0,0.9931975388482357,72.0
P32_C03_ACT104_EGFR,PLATE_32,1,213.82720088040725,123.08490566037736,1.0,0.9941534284759966,107.0
P32_C03_ACT104_EGFR,PLATE_32,1,130.82376118445455,62.47540983606557,1.0,0.4619959890912251,38.0
P32_C03_ACT104_EGFR,PLATE_32,1,202.3797011450294,133.44,1.0,0.9793691698747486,116.0
P32_C03_ACT104_EGFR,PLATE_32,1,140.9126194339247,103.25714285714285,1.0,0.9780438548977431,84.0
P32_C03_ACT104_EGFR,PLATE_32,1,235.41633283104036,105.31896551724138,1.0,0.9352962528304879,80.0
P32_C03_ACT104_EGFR,PLATE_32,1,231.41547714421858,86.85576923076923,1.0,0.9089493813137838,54.5
P32_C03_ACT104_EGFR,PLATE_32,1,226.56091364407908,85.55882352941177,1.0,0.964165479933762,47.5
P32_C03_ACT104_EGFR,PLATE_32,1,124.40816574771574,145.9047619047619,1.0,0.988975114189547,150.0
P32_C03_ACT104_EGFR,PLATE_32,1,122.12798248877637,124.28070175438596,1.0,0.9710792751718732,104.0
P32_C03_ACT104_EGFR,PLATE_32,1,130.39773382668656,66.46875,1.0,0.9969498409595431,49.5
P32_C03_ACT104_EGFR,PLATE_32,1,99.5020725645851,83.08333333333333,1.0,0.9823369759745947,59.75
P32_C03_ACT104_EGFR,PLATE_32,0,89.90596204614988,101.54545454545455,1.0,0.9859786696150189,60.5
